area_size_km,layout,span_km,span_area_ratio,rotation_deg,target_points,inside_hull_fraction,condition_median,condition_p90,condition_p95,all4_visible_300km_fraction,all4_visible_350km_fraction,geometry_good_fraction,mc_p95_0_1us_median_m,mc_p95_0_1us_p90_m,mc_p95_0_25us_median_m,mc_p95_0_25us_p90_m,mc_p95_0_5us_median_m,mc_p95_0_5us_p90_m,mc_p95_1_0us_median_m,mc_p95_1_0us_p90_m,deployment_score_300,deployment_score_350,remote_branch_separation_median_us,remote_branch_separation_p10_us,remote_branch_below_0_5us_fraction
100,square,50,0.5,165,121,0.10743801652892562,6.553015666175341,9.763316061517076,11.01165142124258,1.0,1.0,0.4380165289256198,501.8106430250102,878.3434841374955,1254.5266075625254,2195.858710343739,2509.053215125051,4391.717420687478,5018.106430250102,8783.434841374956,0.4380165289256198,0.4380165289256198,22.605564115359943,8.918970174379366,0.0
100,square,100,1.0,45,121,0.5041322314049587,1.7302907507010188,3.390498500074908,3.8558827703348926,1.0,1.0,1.0,82.53166442000234,162.8743510370639,206.3291610500059,407.18587759265966,412.6583221000118,814.3717551853193,825.3166442000236,1628.7435103706387,1.0,1.0,68.42419686142289,43.72551377865563,0.0
100,square,150,1.5,0,121,1.0,1.357338386619579,1.6329670317754303,1.6377132606131348,1.0,1.0,1.0,57.26262850800991,65.67728282788998,143.15657127002476,164.19320706972496,286.3131425400495,328.3864141394499,572.626285080099,656.7728282788999,1.0,1.0,98.16894609371124,91.13300406741809,0.0
100,square,200,2.0,90,121,1.0,1.1952183534945977,1.3283697718999516,1.3371102097368082,1.0,1.0,1.0,53.818860232781056,57.088512078455366,134.54715058195262,142.7212801961384,269.09430116390524,285.4425603922768,538.1886023278105,570.8851207845536,1.0,1.0,103.07260654741557,97.50968143544559,0.0
100,square,250,2.5,0,121,1.0,1.1249880747728487,1.2063905128098198,1.212945554103878,1.0,1.0,1.0,52.83380368156559,54.98685176100861,132.08450920391397,137.4671294025215,264.16901840782793,274.934258805043,528.3380368156559,549.868517610086,1.0,1.0,105.04741496492542,101.12820389253977,0.0
100,square,300,3.0,90,121,1.0,1.0860186800809684,1.1407438536407204,1.1486545901832748,1.0,1.0,1.0,52.43595542939367,53.8494418378066,131.0898885734842,134.6236045945165,262.1797771469684,269.247209189033,524.3595542939368,538.494418378066,1.0,1.0,106.14100499377919,103.28571811185859,0.0
100,square,400,4.0,75,121,1.0,1.0474794986219138,1.0942440030917135,1.104382770679261,1.0,1.0,1.0,52.03314802196233,53.00715299075595,130.08287005490584,132.51788247688987,260.1657401098117,265.03576495377973,520.3314802196234,530.0715299075595,1.0,1.0,107.26985003389098,106.2169216779122,0.0
100,square,500,5.0,0,121,1.0,1.0290731876754384,1.0536331396580518,1.0550772409330784,0.7355371900826446,1.0,1.0,51.88865807569369,52.66733102859986,129.72164518923427,131.66832757149965,259.44329037846853,263.3366551429993,518.8865807569371,526.6733102859986,0.7355371900826446,1.0,107.76169576882643,106.67233569035797,0.0
100,diamond,50,0.5,60,121,0.10743801652892562,6.553015666175423,9.763316061517756,11.011651421242814,1.0,1.0,0.4380165289256198,501.81064302498874,878.3434841375218,1254.5266075624718,2195.8587103438044,2509.0532151249436,4391.717420687609,5018.106430249887,8783.434841375218,0.4380165289256198,0.4380165289256198,22.605564115359634,8.918970174379195,0.0
100,diamond,100,1.0,90,121,0.5041322314049587,1.7302907507010192,3.390498500074905,3.8558827703348904,1.0,1.0,1.0,82.75648934162552,163.08879762602487,206.8912233540638,407.72199406506223,413.7824467081276,815.4439881301245,827.5648934162552,1630.887976260249,1.0,1.0,68.42419686142289,43.72551377865563,0.0
100,diamond,150,1.5,135,121,1.0,1.357338386619579,1.6329670317754301,1.6377132606131348,1.0,1.0,1.0,57.319755167087884,65.68854816415785,143.29938791771968,164.2213704103946,286.59877583543937,328.4427408207892,573.1975516708787,656.8854816415784,1.0,1.0,98.16894609371124,91.13300406741809,0.0
100,diamond,200,2.0,45,121,1.0,1.195218353494598,1.3283697718999514,1.337110209736808,1.0,1.0,1.0,53.77490928555332,57.05712780026968,134.43727321388332,142.64281950067422,268.87454642776663,285.28563900134844,537.7490928555333,570.5712780026969,1.0,1.0,103.07260654741556,97.50968143544559,0.0
100,diamond,250,2.5,150,121,1.0,1.1204122421964566,1.2481847281776999,1.2776859079819345,1.0,1.0,1.0,52.84496894955181,54.98699024623502,132.1124223738795,137.46747561558752,264.224844747759,274.93495123117503,528.449689495518,549.8699024623501,1.0,1.0,104.89460113389335,102.42024442275765,0.0
100,diamond,300,3.0,135,121,1.0,1.0860186800809681,1.1407438536407206,1.1486545901832748,1.0,1.0,1.0,52.43595542939365,53.84944183780652,131.08988857348413,134.6236045945163,262.17977714696826,269.2472091890326,524.3595542939365,538.4944183780652,1.0,1.0,106.14100499377919,103.28571811185859,0.0
100,diamond,400,4.0,150,121,1.0,1.0474794986219131,1.094244003091715,1.1043827706792584,1.0,1.0,1.0,52.03314802196235,53.00715299075593,130.08287005490587,132.5178824768898,260.16574010981174,265.0357649537796,520.3314802196235,530.0715299075592,1.0,1.0,107.26985003389031,106.21692167791193,0.0
100,diamond,500,5.0,150,121,1.0,1.0305115259566546,1.0586083047414356,1.066549317216172,0.7520661157024794,1.0,1.0,51.86914775385018,52.71383937853932,129.67286938462544,131.78459844634827,259.3457387692509,263.56919689269654,518.6914775385018,527.1383937853931,0.7520661157024794,1.0,107.77249232317624,107.09702133085909,0.0
100,rectangle_2to1,50,0.5,90,121,0.12396694214876033,8.142107241263906,11.697739588389027,12.780522193950278,1.0,1.0,0.35537190082644626,614.3776640190412,1072.9160116390121,1535.944160047603,2682.2900290975304,3071.888320095206,5364.580058195061,6143.776640190412,10729.160116390121,0.35537190082644626,0.35537190082644626,18.558832140695866,7.249335796889141,0.0
100,rectangle_2to1,100,1.0,45,121,0.371900826446281,2.7267954191755006,4.835263300238368,5.306230996903174,1.0,1.0,1.0,111.91200699505579,229.95423519556385,279.7800174876395,574.8855879889097,559.560034975279,1149.7711759778194,1119.120069950558,2299.542351955639,1.0,1.0,50.60395485523571,32.51387748284167,0.0
100,rectangle_2to1,150,1.5,60,121,0.6528925619834711,2.0668050684175534,3.1357544774052837,3.400379020263828,1.0,1.0,1.0,72.88973262602073,119.36130120562132,182.22433156505184,298.4032530140533,364.4486631301037,596.8065060281066,728.8973262602074,1193.6130120562132,1.0,1.0,68.86117772440933,55.3400272604833,0.0
100,rectangle_2to1,200,2.0,105,121,0.8347107438016529,2.001490951560588,2.491044964397631,2.641543922789597,1.0,1.0,1.0,71.49114719725648,90.85485977001184,178.72786799314122,227.1371494250296,357.45573598628243,454.2742988500592,714.9114719725649,908.5485977001184,1.0,1.0,74.75259312242892,65.3693971032885,0.0
100,rectangle_2to1,250,2.5,90,121,1.0,1.9917897743325643,2.2582918446874864,2.312272303689444,1.0,1.0,1.0,71.16203220410881,81.20505066395961,177.90508051027203,203.012626659899,355.81016102054406,406.025253319798,711.6203220410881,812.050506639596,1.0,1.0,72.2464966886421,67.70478010679835,0.0
100,rectangle_2to1,300,3.0,90,121,1.0,1.99125423004318,2.160074881271646,2.208155204385178,1.0,1.0,1.0,70.5726194460379,77.0087667812274,176.43154861509475,192.52191695306848,352.8630972301895,385.04383390613697,705.726194460379,770.0876678122739,1.0,1.0,72.61209136257405,69.40355837800708,0.0
100,rectangle_2to1,400,4.0,90,121,1.0,1.9889723356972866,2.080828335489304,2.11103037680647,1.0,1.0,1.0,70.38751196682792,73.8913618374231,175.96877991706975,184.72840459355774,351.9375598341395,369.4568091871155,703.875119668279,738.913618374231,1.0,1.0,72.98523607911598,71.0637447468871,0.0
100,rectangle_2to1,500,5.0,90,121,1.0,1.9901886962338637,2.0490914807256413,2.0684799386245474,0.768595041322314,1.0,1.0,70.18513916710265,72.42946719489939,175.46284791775662,181.07366798724843,350.92569583551324,362.14733597449685,701.8513916710265,724.2946719489937,0.768595041322314,1.0,73.12488369782794,71.81259408211866,0.0
100,triangle_center,50,0.5,15,121,0.09917355371900827,4.552735551563941,9.904790583112227,10.48969121422503,1.0,1.0,0.5867768595041323,317.97809156398154,1097.2855912649707,794.9452289099538,2743.213978162427,1589.8904578199076,5486.427956324854,3179.7809156398152,10972.855912649708,0.5867768595041323,0.5867768595041323,29.198587256175504,11.551711231713307,0.0
100,triangle_center,100,1.0,60,121,0.3305785123966942,1.9615999220376747,2.625845252679006,3.1020947920745465,1.0,1.0,1.0,77.6535921017717,128.9211168482032,194.13398025442922,322.30279212050806,388.26796050885844,644.6055842410161,776.5359210177169,1289.2111684820322,1.0,1.0,64.3121091896797,51.609901315505546,0.0
100,triangle_center,150,1.5,45,121,0.7355371900826446,1.5764558440949532,1.9033469625535777,1.9788634173236623,1.0,1.0,1.0,63.620166903415665,74.33521271918679,159.05041725853917,185.83803179796698,318.10083451707834,371.67606359593395,636.2016690341567,743.3521271918679,1.0,1.0,78.82845215101625,68.74510538417634,0.0
100,triangle_center,200,2.0,165,121,0.9421487603305785,1.4125992472848425,1.6823434844726437,1.6906885910242944,1.0,1.0,1.0,59.37621664431909,64.94409822496749,148.44054161079777,162.36024556241873,296.88108322159553,324.72049112483745,593.7621664431911,649.4409822496749,1.0,1.0,86.2131813038957,77.61571078250813,0.0
100,triangle_center,250,2.5,30,121,1.0,1.3359284932515374,1.5523531126202808,1.5770860004376008,1.0,1.0,1.0,57.06841034569189,61.0520049154752,142.6710258642297,152.630012288688,285.3420517284594,305.260024577376,570.6841034569188,610.520049154752,1.0,1.0,88.58796791049906,82.27179204375945,0.0
100,triangle_center,300,3.0,165,121,1.0,1.290590026759701,1.478266591149227,1.505456555665897,1.0,1.0,1.0,56.34242355807109,59.164735587588574,140.85605889517774,147.91183896897144,281.7121177903555,295.8236779379429,563.424235580711,591.6473558758858,1.0,1.0,92.0853392205062,85.05812426000304,0.0
100,triangle_center,400,4.0,15,121,1.0,1.254043819677438,1.413157080127652,1.4286369652218196,0.9917355371900827,1.0,1.0,54.93054952066077,57.5892922818964,137.32637380165193,143.973230704741,274.65274760330385,287.946461409482,549.3054952066077,575.892922818964,0.9917355371900827,1.0,94.07377355596662,87.16165869832608,0.0
100,triangle_center,500,5.0,0,121,1.0,1.2311253218134963,1.3679032050586266,1.3897525086473794,0.06611570247933884,0.9669421487603306,1.0,54.548255786566905,56.924548804765685,136.3706394664173,142.31137201191422,272.7412789328346,284.62274402382843,545.4825578656692,569.2454880476569,0.06611570247933884,0.9669421487603306,93.98621244889777,89.56684851384763,0.0
100,irregular,50,0.5,165,121,0.09917355371900827,6.930119122150889,13.232821038427222,16.631733650030867,1.0,1.0,0.39669421487603307,564.4818811034502,1407.6039235834512,1411.2047027586252,3519.0098089586277,2822.4094055172504,7038.019617917255,5644.818811034501,14076.03923583451,0.39669421487603307,0.39669421487603307,20.616931271708967,10.24674888009375,0.0
100,irregular,100,1.0,0,121,0.36363636363636365,2.325541063602669,4.466152143472636,4.864094591659827,1.0,1.0,1.0,93.67803731597519,247.89887747586536,234.19509328993797,619.7471936896634,468.39018657987594,1239.4943873793268,936.7803731597519,2478.9887747586536,1.0,1.0,63.67745253321625,38.02023284780876,0.0
100,irregular,150,1.5,30,121,0.8347107438016529,1.3826850034679472,1.809106514291241,2.001014873498746,1.0,1.0,1.0,58.132114151274735,71.94858561820604,145.33028537818683,179.87146404551515,290.66057075637366,359.7429280910303,581.3211415127473,719.4858561820606,1.0,1.0,95.22619037097016,85.0478998478165,0.0
100,irregular,200,2.0,30,121,1.0,1.2034387394615498,1.4446482404650747,1.4838976473248804,1.0,1.0,1.0,54.4057250692573,60.156112740421044,136.01431267314325,150.39028185105263,272.0286253462865,300.78056370210527,544.057250692573,601.5611274042105,1.0,1.0,100.60277982436234,93.34772674232777,0.0
100,irregular,250,2.5,15,121,1.0,1.1409945118962435,1.3013481505837319,1.3509171630436168,1.0,1.0,1.0,52.96013224910038,56.04360144592517,132.40033062275097,140.10900361481293,264.80066124550194,280.21800722962587,529.6013224910039,560.4360144592517,1.0,1.0,103.93317071069916,98.49154048718675,0.0
100,irregular,300,3.0,105,121,1.0,1.0978949305158283,1.2217490346652475,1.2588167039653522,1.0,1.0,1.0,52.39105237488898,54.177925516868754,130.97763093722244,135.44481379217189,261.9552618744449,270.88962758434377,523.9105237488898,541.7792551686875,1.0,1.0,105.62707795024868,100.60363500019025,0.0
100,irregular,400,4.0,165,121,1.0,1.0602993541831582,1.1541737081242145,1.1730362017733724,1.0,1.0,1.0,51.857221074174014,52.90720430982094,129.64305268543504,132.26801077455235,259.2861053708701,264.5360215491047,518.5722107417402,529.0720430982094,1.0,1.0,105.62824797057111,101.83932870998122,0.0
100,irregular,500,5.0,135,121,1.0,1.0393928671717547,1.102316822229258,1.1127507062182083,0.8677685950413223,1.0,1.0,51.48436499462475,52.40136678763658,128.71091248656188,131.00341696909146,257.42182497312376,262.0068339381829,514.8436499462475,524.0136678763658,0.8677685950413223,1.0,106.6865933111538,104.1446228078878,0.0
100,linear,50,0.5,30,121,0.0,8.350247572149579,33.44820536011459,45.43840843470047,1.0,1.0,0.2644628099173554,767.3951728315394,12906.461425980528,1918.4879320788489,32266.153564951324,3836.9758641576977,64532.30712990265,7673.9517283153955,129064.6142598053,0.0,0.0,0.0,0.0,1.0
100,linear,100,1.0,15,121,0.0,4.702649121965821,10.570065973206153,22.038009583461697,1.0,1.0,0.8181818181818182,224.73560226635178,691.6584468910472,561.8390056658794,1729.1461172276183,1123.6780113317589,3458.2922344552367,2247.3560226635177,6916.584468910473,0.0,0.0,0.0,0.0,1.0
100,linear,150,1.5,15,121,0.0,3.8514740254192006,8.119638536768742,20.907495849738602,1.0,1.0,0.9256198347107438,152.81623033541746,251.3059581315605,382.0405758385437,628.2648953289013,764.0811516770874,1256.5297906578026,1528.1623033541748,2513.059581315605,0.0,0.0,0.0,0.0,1.0
100,linear,200,2.0,75,121,0.0,3.713213565003266,9.610317806623183,13.657260302415347,1.0,1.0,0.9421487603305785,135.39393090020465,279.1668730242648,338.48482725051156,697.9171825606621,676.9696545010231,1395.8343651213243,1353.9393090020462,2791.6687302426485,0.0,0.0,0.0,0.0,1.0
100,linear,250,2.5,30,121,0.0,3.919834906033988,9.346694606542357,26.21553323441806,1.0,1.0,0.9256198347107438,135.10419565112775,264.8409716301452,337.76048912781937,662.102429075363,675.5209782556387,1324.204858150726,1351.0419565112775,2648.409716301452,0.0,0.0,0.0,0.0,1.0
100,linear,300,3.0,90,121,0.0,4.1513771228841465,15.218458822977713,inf,1.0,1.0,0.8925619834710744,134.14552103608324,428.1425561533584,335.36380259020814,1070.3563903833958,670.7276051804163,2140.7127807667916,1341.4552103608326,4281.425561533583,0.0,0.0,0.0,0.0,1.0
100,linear,400,4.0,0,121,0.0,5.687217116663191,20.040862700943865,513.9238473473528,1.0,1.0,0.8264462809917356,166.7525386468048,554.7867642347999,416.881346617012,1386.9669105869996,833.762693234024,2773.933821173999,1667.525386468048,5547.867642347998,0.0,0.0,0.0,0.0,1.0
100,linear,500,5.0,90,121,0.0,7.864268906179301,25.05655551082513,inf,0.8181818181818182,1.0,0.7603305785123967,218.13540217827043,699.7444426738344,545.338505445676,1749.361106684586,1090.677010891352,3498.722213369172,2181.354021782704,6997.444426738344,0.0,0.0,0.0,0.0,1.0
200,square,50,0.25,45,121,0.04132231404958678,13.041458098935387,40.8114465911573,44.02763368791278,1.0,1.0,0.10743801652892562,1914.423347409807,7623.770179437695,4786.058368524518,19059.42544859424,9572.116737049037,38118.85089718848,19144.233474098073,76237.70179437696,0.10033467659312889,0.10033467659312889,6.356280390654278,2.7077102627731664,0.06611570247933884
200,square,100,0.5,165,121,0.10743801652892562,6.500879137832093,9.90520468453576,11.019681528404373,1.0,1.0,0.4297520661157025,505.3239678158315,872.6902275752134,1263.309919539579,2181.7255689380336,2526.619839079158,4363.451137876067,5053.239678158316,8726.902275752134,0.4297520661157025,0.4297520661157025,15.240518961058234,6.077899353696606,0.0
200,square,150,0.75,45,121,0.2066115702479339,3.644515927197499,6.03794939364155,6.440261654363986,1.0,1.0,0.9256198347107438,170.40280997003956,382.4396060358739,426.0070249250989,956.0990150896846,852.0140498501978,1912.1980301793692,1704.0280997003956,3824.3960603587384,0.9256198347107438,0.9256198347107438,41.44775907509313,18.240886156230157,0.0
200,square,200,1.0,45,121,0.5041322314049587,1.7406443779731724,3.40682285380065,3.8688525055608602,1.0,1.0,1.0,82.50893973145352,162.89880860245165,206.2723493286338,407.24702150612916,412.5446986572676,814.4940430122583,825.0893973145352,1628.9880860245166,1.0,1.0,54.7002201591278,32.93168275900831,0.0
200,square,250,1.25,0,121,0.6694214876033058,1.5332778778947191,2.174817987183976,3.0317038879782237,1.0,1.0,1.0,62.047121070089176,92.46543871673131,155.11780267522295,231.16359679182827,310.2356053504459,462.32719358365654,620.4712107008918,924.6543871673131,1.0,1.0,94.66050531220364,76.08745444488744,0.0
200,square,300,1.5,0,121,1.0,1.3597126425084725,1.6355305036196819,1.6387897265135674,1.0,1.0,1.0,57.302812369844176,65.57102602383395,143.25703092461043,163.92756505958485,286.51406184922087,327.8551301191697,573.0281236984417,655.7102602383394,1.0,1.0,98.359103952873,88.79976822263464,0.0
200,square,400,2.0,90,121,1.0,1.1951143449540969,1.330640002363479,1.3357674130569175,0.7355371900826446,1.0,1.0,53.74505523593082,57.03108315534877,134.36263808982704,142.57770788837192,268.7252761796541,285.15541577674384,537.4505523593082,570.3108315534877,0.7355371900826446,1.0,102.57350274913392,94.94579967704588,0.0
200,square,500,2.5,75,121,1.0,1.1182537668772146,1.2502342458384048,1.2765786798283032,0.19008264462809918,0.768595041322314,1.0,52.86447253672643,54.97597093642863,132.16118134181608,137.4399273410716,264.32236268363215,274.8798546821432,528.6447253672643,549.7597093642864,0.19008264462809918,0.768595041322314,103.69202535723737,100.83500718903393,0.0
200,diamond,50,0.25,90,121,0.04132231404958678,13.041458098935369,40.81144659115731,44.02763368791294,1.0,1.0,0.10743801652892562,1890.0354424884829,7635.176684976348,4725.088606221207,19087.94171244087,9450.177212442413,38175.88342488174,18900.354424884827,76351.76684976347,0.10033467659312889,0.10033467659312889,6.356280390654277,2.7077102627731664,0.06611570247933884
200,diamond,100,0.5,60,121,0.10743801652892562,6.500879137831975,9.905204684535702,11.019681528403979,1.0,1.0,0.4297520661157025,505.32396781580917,872.6902275751802,1263.309919539523,2181.725568937951,2526.619839079046,4363.451137875902,5053.239678158092,8726.902275751803,0.4297520661157025,0.4297520661157025,15.240518961058218,6.077899353696772,0.0
200,diamond,150,0.75,0,121,0.2066115702479339,3.644515927197497,6.037949393641551,6.440261654363986,1.0,1.0,0.9256198347107438,170.32675487099567,385.21132051412604,425.8168871774892,963.028301285315,851.6337743549784,1926.05660257063,1703.2675487099568,3852.11320514126,0.9256198347107438,0.9256198347107438,41.44775907509313,18.240886156230157,0.0
200,diamond,200,1.0,90,121,0.5041322314049587,1.7406443779731726,3.4068228538006493,3.8688525055608616,1.0,1.0,1.0,82.75976702399839,163.56335901283387,206.89941755999598,408.9083975320847,413.79883511999196,817.8167950641694,827.5976702399839,1635.6335901283387,1.0,1.0,54.7002201591278,32.93168275900831,0.0
200,diamond,250,1.25,45,121,0.6694214876033058,1.5332778778947198,2.174817987183976,3.031703887978225,1.0,1.0,1.0,61.999614344072015,92.50681604875112,154.99903586018007,231.26704012187784,309.99807172036014,462.5340802437557,619.9961434407203,925.0681604875114,1.0,1.0,94.66050531220364,76.08745444488746,0.0
200,diamond,300,1.5,135,121,1.0,1.3597126425084727,1.6355305036196819,1.6387897265135676,1.0,1.0,1.0,57.32197854228264,65.68953615881028,143.30494635570662,164.2238403970257,286.60989271141324,328.4476807940514,573.2197854228265,656.8953615881028,1.0,1.0,98.35910395287301,88.79976822263464,0.0
200,diamond,400,2.0,135,121,1.0,1.1951143449540969,1.330640002363479,1.3357674130569166,0.7355371900826446,1.0,1.0,53.745055235930806,57.03108315534879,134.362638089827,142.57770788837198,268.725276179654,285.15541577674395,537.450552359308,570.3108315534879,0.7355371900826446,1.0,102.57350274913392,94.94579967704588,0.0
200,diamond,500,2.5,150,121,1.0,1.118253766877214,1.2502342458384046,1.2765786798283019,0.19008264462809918,0.768595041322314,1.0,52.864472536726424,54.97597093642863,132.16118134181608,137.43992734107158,264.32236268363215,274.87985468214316,528.6447253672643,549.7597093642863,0.19008264462809918,0.768595041322314,103.6920253572369,100.83500718903348,0.0
200,rectangle_2to1,50,0.25,0,121,0.024793388429752067,16.449907852641207,27.011812552434087,35.26990984034931,1.0,1.0,0.09090909090909091,2422.6269517081955,4421.100589129292,6056.567379270488,11052.751472823229,12113.134758540977,22105.502945646458,24226.269517081953,44211.005891292916,0.09090909090909091,0.09090909090909091,5.370131219696689,1.9447591917381748,0.0
200,rectangle_2to1,100,0.5,135,121,0.09090909090909091,8.466358073925898,15.263586051093624,18.01889452934672,1.0,1.0,0.371900826446281,629.8615587973356,1611.5190434118742,1574.653896993339,4028.797608529686,3149.307793986678,8057.595217059372,6298.615587973356,16115.190434118744,0.371900826446281,0.371900826446281,15.450658742174081,7.313783764504956,0.0
200,rectangle_2to1,150,0.75,105,121,0.19008264462809918,4.813912960523405,8.127566476421384,8.65098726378055,1.0,1.0,0.768595041322314,249.68463676887075,515.194941764544,624.2115919221768,1287.9873544113595,1248.4231838443536,2575.974708822719,2496.8463676887072,5151.949417645438,0.768595041322314,0.768595041322314,32.73596455648857,11.828808589950585,0.0
200,rectangle_2to1,200,1.0,45,121,0.371900826446281,2.7306575526963712,5.008031600700998,5.322872329752802,1.0,1.0,1.0,112.36176741294048,230.44663435729433,280.90441853235114,576.1165858932359,561.8088370647023,1152.2331717864718,1123.6176741294046,2304.4663435729435,1.0,1.0,47.66631167264146,25.57330656769962,0.0
200,rectangle_2to1,250,1.25,150,121,0.5041322314049587,2.1403437255190676,3.71754299424805,4.039375548501798,1.0,1.0,1.0,80.03404650289934,148.844205649107,200.08511625724833,372.1105141227675,400.17023251449666,744.221028245535,800.3404650289933,1488.44205649107,1.0,1.0,66.55864149370149,38.38519579210269,0.0
200,rectangle_2to1,300,1.5,60,121,0.6528925619834711,2.0670999119915723,3.143554529567992,3.408013511942539,1.0,1.0,1.0,72.88062848412213,119.1565677583968,182.2015712103053,297.891419395992,364.4031424206106,595.782838791984,728.8062848412212,1191.565677583968,1.0,1.0,69.3825073617364,49.45352411060066,0.0
200,rectangle_2to1,400,2.0,165,121,0.8347107438016529,2.014446639743994,2.4955928216230028,2.650084631281576,0.743801652892562,1.0,1.0,71.29344406669793,90.83180810906214,178.23361016674485,227.07952027265532,356.4672203334897,454.15904054531063,712.9344406669794,908.3180810906213,0.743801652892562,1.0,86.97612224170612,78.77286648204434,0.0
200,rectangle_2to1,500,2.5,45,121,0.9008264462809917,1.9967189346371228,2.353782927577239,2.4694989348875063,0.23140495867768596,0.8347107438016529,1.0,70.77339399714118,84.27811578650717,176.93348499285295,210.69528946626795,353.8669699857059,421.3905789325359,707.7339399714118,842.7811578650718,0.23140495867768596,0.8347107438016529,67.22709793110825,56.968596794507405,0.0
200,triangle_center,50,0.25,120,121,0.01652892561983471,11.827375343179707,19.619897066304507,20.36674838345252,1.0,1.0,0.1487603305785124,1694.5424106834564,3840.318045684153,4236.3560267086405,9600.795114210381,8472.712053417281,19201.590228420762,16945.424106834562,38403.180456841525,0.1487603305785124,0.1487603305785124,6.374100848290613,1.975043421911552,0.0
200,triangle_center,100,0.5,30,121,0.09917355371900827,4.724395013685696,9.394442590642395,11.258319336211859,1.0,1.0,0.5702479338842975,356.6091157756307,1023.0983434683297,891.5227894390767,2557.7458586708244,1783.0455788781535,5115.491717341649,3566.091157756307,10230.983434683298,0.5702479338842975,0.5702479338842975,21.501813933462145,7.65275434434778,0.0
200,triangle_center,150,0.75,60,121,0.2231404958677686,2.540922651884024,5.539882374615623,6.546454926433256,1.0,1.0,0.9173553719008265,118.35705838607683,365.0285603246983,295.89264596519206,912.5714008117459,591.7852919303841,1825.1428016234918,1183.5705838607682,3650.2856032469836,0.9173553719008265,0.9173553719008265,47.62048040607074,18.816002707020143,0.0
200,triangle_center,200,1.0,120,121,0.3305785123966942,1.967108233562041,2.661161498874738,3.0952039559299034,1.0,1.0,1.0,78.81341428447121,132.52976632742153,197.03353571117805,331.32441581855386,394.0670714223561,662.6488316371077,788.1341428447122,1325.2976632742154,1.0,1.0,65.90154419197407,43.22210664785716,0.0
200,triangle_center,250,1.25,15,121,0.5619834710743802,1.734899541077779,2.141330889991365,2.2617523557901817,1.0,1.0,1.0,68.6987372876159,86.61258527700545,171.74684321903976,216.5314631925136,343.4936864380795,433.0629263850272,686.987372876159,866.1258527700544,1.0,1.0,76.16479728006512,59.661434313279926,0.0
200,triangle_center,300,1.5,45,121,0.7355371900826446,1.5752113789402662,1.9044515324797548,1.9849453362710376,0.9586776859504132,1.0,1.0,63.68317255429406,74.29743682610257,159.20793138573515,185.74359206525645,318.4158627714703,371.4871841305129,636.8317255429406,742.9743682610258,0.9586776859504132,1.0,82.04631779980598,68.38732885666765,0.0
200,triangle_center,400,2.0,30,121,0.9338842975206612,1.4164797067018433,1.6580123721459117,1.7129049509902567,0.4380165289256198,0.9504132231404959,1.0,59.24814508720842,64.19623161330799,148.12036271802103,160.49057903326997,296.24072543604206,320.98115806653993,592.4814508720841,641.9623161330799,0.4380165289256198,0.9504132231404959,85.49364580691484,78.56170492997906,0.0
200,triangle_center,500,2.5,165,121,1.0,1.3373293837419016,1.5625523720454992,1.5756241434006486,0.008264462809917356,0.36363636363636365,1.0,57.08969632020035,61.45777631877595,142.72424080050087,153.64444079693988,285.44848160100173,307.28888159387975,570.8969632020035,614.5777631877595,0.008264462809917356,0.36363636363636365,92.15076505388694,81.75298219430458,0.0
200,irregular,50,0.25,30,121,0.008264462809917356,14.613846159865796,23.14297349334608,31.672045122655117,1.0,1.0,0.09090909090909091,2138.6258894751963,4446.27765532528,5346.564723687991,11115.6941383132,10693.129447375983,22231.3882766264,21386.258894751965,44462.7765532528,0.09090909090909091,0.09090909090909091,5.229951206491299,2.2720986950319655,0.0
200,irregular,100,0.5,165,121,0.09917355371900827,6.984566469450128,13.373871653432364,16.675765233088185,1.0,1.0,0.39669421487603307,559.4026505386977,1420.4486393982047,1398.5066263467443,3551.121598495511,2797.0132526934885,7102.243196991022,5594.026505386977,14204.486393982044,0.39669421487603307,0.39669421487603307,17.12121645938906,6.528441615225305,0.0
200,irregular,150,0.75,150,121,0.2066115702479339,4.372639083596797,7.2772349432595425,7.733261471871761,1.0,1.0,0.8347107438016529,208.23147627990318,474.2084200594986,520.578690699758,1185.5210501487468,1041.157381399516,2371.0421002974936,2082.314762799032,4742.084200594987,0.8347107438016529,0.8347107438016529,33.97521939571361,13.52737406388154,0.0
200,irregular,200,1.0,0,121,0.36363636363636365,2.342487206442636,4.48527293921928,5.077030790571235,1.0,1.0,1.0,93.84393430369002,244.59256696360362,234.6098357592251,611.481417409009,469.2196715184502,1222.962834818018,938.4393430369004,2445.925669636036,1.0,1.0,57.25790332884201,26.476859056752865,0.0
200,irregular,250,1.25,75,121,0.5867768595041323,1.6425024096947647,2.822829762897851,3.137353729195459,1.0,1.0,1.0,66.23076563460197,119.88995790239318,165.5769140865049,299.724894755983,331.1538281730098,599.449789511966,662.3076563460196,1198.899579023932,1.0,1.0,70.62043616056812,45.32573870137813,0.0
200,irregular,300,1.5,120,121,0.8347107438016529,1.3817482763091906,1.8160535960224058,2.005030356449369,1.0,1.0,1.0,58.204465046525456,72.01830149056576,145.51116261631364,180.04575372641435,291.0223252326273,360.0915074528287,582.0446504652546,720.1830149056574,1.0,1.0,95.89642893195203,82.65139315678856,0.0
200,irregular,400,2.0,30,121,1.0,1.2016220299526403,1.447550552337598,1.487671920907537,0.8264462809917356,1.0,1.0,54.39154244706735,60.148466914818435,135.97885611766839,150.3711672870461,271.95771223533677,300.7423345740922,543.9154244706735,601.4846691481844,0.8264462809917356,1.0,100.8531354518626,92.07520743265698,0.0
200,irregular,500,2.5,90,121,1.0,1.1445041370400135,1.3458683437956716,1.4042203851970676,0.2975206611570248,0.8677685950413223,1.0,53.03188874904389,56.61216335203326,132.5797218726097,141.53040838008314,265.1594437452194,283.0608167601663,530.3188874904388,566.1216335203326,0.2975206611570248,0.8677685950413223,101.50532041606601,93.45816454205038,0.0
200,linear,50,0.25,165,121,0.0,17.0071988978524,54.36132564046058,109.667740156644,1.0,1.0,0.05785123966942149,3150.465829957498,31009.53596969953,7876.164574893744,77523.83992424884,15752.329149787489,155047.67984849768,31504.658299574978,310095.35969699535,0.0,0.0,0.0,0.0,1.0
200,linear,100,0.5,120,121,0.0,8.359484581301132,42.860834327336384,49.87405873475422,1.0,1.0,0.2644628099173554,773.1001073916557,19049.277436716024,1932.7502684791393,47623.19359179007,3865.5005369582786,95246.38718358014,7731.001073916557,190492.77436716028,0.0,0.0,0.0,0.0,1.0
200,linear,150,0.75,105,121,0.0,5.813186804166545,14.837511485461288,31.69629912772631,1.0,1.0,0.5867768595041323,348.0807059039413,1424.8954936764826,870.2017647598531,3562.2387341912067,1740.4035295197061,7124.4774683824135,3480.8070590394123,14248.954936764827,0.0,0.0,0.0,0.0,1.0
200,linear,200,1.0,15,121,0.0,4.688630711624928,10.520478474678075,22.466868697880724,1.0,1.0,0.8181818181818182,223.6068469883499,686.2835545488881,559.0171174708748,1715.7088863722201,1118.0342349417497,3431.4177727444403,2236.0684698834993,6862.835545488881,0.0,0.0,0.0,0.0,1.0
200,linear,250,1.25,90,121,0.0,4.132137375989876,9.806406765600393,inf,1.0,1.0,0.9090909090909091,183.42470860101352,352.3054148096313,458.56177150253376,880.7635370240783,917.1235430050675,1761.5270740481567,1834.247086010135,3523.0541480963134,0.0,0.0,0.0,0.0,1.0
200,linear,300,1.5,165,121,0.0,3.8359333185715943,8.041760673038413,20.483028649827503,1.0,1.0,0.9256198347107438,152.97133867969816,253.0272608521792,382.42834669924537,632.5681521304482,764.8566933984907,1265.1363042608964,1529.7133867969815,2530.272608521793,0.0,0.0,0.0,0.0,1.0
200,linear,400,2.0,105,121,0.0,3.701033126475398,9.5078628321163,13.472518996459776,0.8842975206611571,1.0,0.9421487603305785,134.01557002786956,276.1295050688256,335.0389250696739,690.323762672064,670.0778501393478,1380.647525344128,1340.1557002786956,2761.295050688256,0.0,0.0,0.0,0.0,1.0
200,linear,500,2.5,120,121,0.0,3.9274705919361077,9.233553774431837,25.54054240106132,0.4297520661157025,0.8842975206611571,0.9173553719008265,135.45805251082885,259.52462336683857,338.64513127707215,648.8115584170963,677.2902625541443,1297.6231168341926,1354.5805251082886,2595.2462336683852,0.0,0.0,0.0,0.0,1.0
300,square,50,0.16666666666666666,135,121,0.008264462809917356,23.132396768170086,77.56471037466969,92.24012915449921,1.0,1.0,0.05785123966942149,4529.621022796964,24123.21216311083,11324.052556992412,60308.03040777708,22648.105113984824,120616.06081555416,45296.21022796965,241232.1216311083,0.052113926644354894,0.052113926644354894,4.210500294429457,1.1984331748231354,0.09917355371900827
300,square,100,0.3333333333333333,0,121,0.0743801652892562,9.83353819678329,14.383292402161658,17.44366855137175,1.0,1.0,0.2066115702479339,1127.9765710563586,2018.6342058760051,2819.9414276408966,5046.585514690012,5639.882855281793,10093.171029380024,11279.765710563586,20186.34205876005,0.2066115702479339,0.2066115702479339,11.099437849761271,3.813737888715457,0.0
300,square,150,0.5,165,121,0.10743801652892562,6.500341926737989,9.947434378683285,11.012376065362194,1.0,1.0,0.4297520661157025,508.2240464405339,873.4230636188969,1270.5601161013346,2183.557659047242,2541.1202322026693,4367.115318094484,5082.240464405339,8734.230636188968,0.4297520661157025,0.4297520661157025,19.424275363695568,9.196789278813492,0.0
300,square,200,0.6666666666666666,0,121,0.2066115702479339,4.138468996273456,6.872378582108725,7.131996172830918,0.9669421487603306,1.0,0.768595041322314,257.85076133079747,515.4684399747022,644.6269033269937,1288.6710999367556,1289.2538066539873,2577.342199873511,2578.5076133079747,5154.684399747022,0.7431869407827334,0.768595041322314,27.480394236904328,15.640793755977674,0.0
300,square,250,0.8333333333333334,90,121,0.2066115702479339,3.1049781955087323,5.443972858668255,6.172968287364543,0.9008264462809917,1.0,1.0,132.22833831195598,369.533041800803,330.57084577988996,923.8326045020076,661.1416915597799,1847.6652090040152,1322.2833831195599,3695.3304180080304,0.9008264462809917,1.0,43.11502409027419,19.784213565596026,0.0
300,square,300,1.0,45,121,0.5041322314049587,1.74413798978637,3.4142508290194105,3.873847494334773,0.6859504132231405,1.0,1.0,82.43474348519666,163.11948186893534,206.08685871299164,407.7987046723384,412.1737174259833,815.5974093446767,824.3474348519666,1631.1948186893535,0.6859504132231405,1.0,81.99102761971156,49.29138610811292,0.0
300,square,400,1.3333333333333333,75,121,0.7355371900826446,1.4319386886071106,2.138553139210429,2.410732595902518,0.30578512396694213,0.768595041322314,1.0,58.872444946434086,86.39884396064775,147.18111236608522,215.99710990161935,294.36222473217043,431.9942198032387,588.7244494643409,863.9884396064774,0.30578512396694213,0.768595041322314,86.70370029613184,71.03987549341929,0.0
300,square,500,1.6666666666666667,45,121,0.9008264462809917,1.2440336106707348,1.6746758115931677,1.8808476547911988,0.0743801652892562,0.371900826446281,1.0,55.29711697796551,68.57623691149485,138.2427924449138,171.4405922787371,276.4855848898276,342.8811845574742,552.9711697796552,685.7623691149485,0.0743801652892562,0.371900826446281,104.79779116948714,98.65899136839103,0.0
300,diamond,50,0.16666666666666666,0,121,0.008264462809917356,23.132396768170075,77.56471037467021,92.24012915449961,1.0,1.0,0.05785123966942149,4558.043109759976,23931.3146172063,11395.107774399941,59828.28654301575,22790.215548799883,119656.5730860315,45580.431097599765,239313.146172063,0.052113926644354894,0.052113926644354894,4.210500294429457,1.1984331748231354,0.09917355371900827
300,diamond,100,0.3333333333333333,135,121,0.0743801652892562,9.833538196783287,14.383292402161674,17.44366855137175,1.0,1.0,0.2066115702479339,1132.0782745578408,2018.644937263105,2830.1956863946016,5046.612343157763,5660.391372789203,10093.224686315525,11320.782745578406,20186.44937263105,0.2066115702479339,0.2066115702479339,11.099437849761271,3.813737888715457,0.0
300,diamond,150,0.5,60,121,0.10743801652892562,6.500341926737964,9.947434378683282,11.012376065362112,1.0,1.0,0.4297520661157025,508.22404644052915,873.4230636188918,1270.5601161013228,2183.557659047229,2541.1202322026456,4367.115318094458,5082.240464405291,8734.230636188917,0.4297520661157025,0.4297520661157025,19.424275363695518,9.196789278813366,0.0
300,diamond,200,0.6666666666666666,135,121,0.2066115702479339,4.138468996273455,6.8723785821087215,7.131996172830918,0.9669421487603306,1.0,0.768595041322314,259.4949129308193,522.2663204773522,648.7372823270482,1305.6658011933805,1297.4745646540964,2611.331602386761,2594.949129308193,5222.663204773522,0.7431869407827334,0.768595041322314,27.480394236904328,15.640793755977674,0.0
300,diamond,250,0.8333333333333334,135,121,0.2066115702479339,3.1049781955087306,5.443972858668253,6.1729682873645455,0.9008264462809917,1.0,1.0,132.2283383119561,369.5330418008025,330.5708457798902,923.8326045020062,661.1416915597804,1847.6652090040125,1322.2833831195608,3695.330418008025,0.9008264462809917,1.0,43.11502409027419,19.784213565596026,0.0
300,diamond,300,1.0,90,121,0.5041322314049587,1.74413798978637,3.414250829019412,3.873847494334771,0.6859504132231405,1.0,1.0,82.72397778043211,163.75317542213452,206.80994445108027,409.38293855533635,413.61988890216054,818.7658771106727,827.2397778043211,1637.5317542213454,0.6859504132231405,1.0,81.99102761971156,49.29138610811291,0.0
300,diamond,400,1.3333333333333333,150,121,0.7355371900826446,1.4319386886071075,2.1385531392104267,2.4107325959025183,0.30578512396694213,0.768595041322314,1.0,58.87244494643406,86.39884396064741,147.18111236608516,215.99710990161853,294.3622247321703,431.99421980323706,588.7244494643406,863.9884396064741,0.30578512396694213,0.768595041322314,86.70370029613129,71.0398754934192,0.0
300,diamond,500,1.6666666666666667,0,121,0.9008264462809917,1.2440336106707355,1.6746758115931686,1.8808476547911988,0.0743801652892562,0.371900826446281,1.0,55.27405699043557,68.7418937734878,138.18514247608894,171.8547344337195,276.3702849521779,343.709468867439,552.7405699043558,687.418937734878,0.0743801652892562,0.371900826446281,104.79779116948714,98.65899136839103,0.0
300,rectangle_2to1,50,0.16666666666666666,0,121,0.008264462809917356,24.620628354174375,41.664635147819645,60.31149620304526,1.0,1.0,0.04132231404958678,5289.999760350915,11344.331539906474,13224.999400877286,28360.828849766192,26449.998801754573,56721.657699532385,52899.997603509146,113443.31539906477,0.03790724677276143,0.03790724677276143,3.6981403163009525,0.7903494268891752,0.08264462809917356
300,rectangle_2to1,100,0.3333333333333333,0,121,0.024793388429752067,12.147733738616154,18.793585650389282,21.863530337957908,1.0,1.0,0.17355371900826447,1377.3040929609635,2430.7480385429935,3443.2602324024083,6076.870096357485,6886.520464804817,12153.74019271497,13773.040929609633,24307.48038542994,0.17355371900826447,0.17355371900826447,9.55279952867157,3.2203717737111446,0.0
300,rectangle_2to1,150,0.5,45,121,0.09090909090909091,8.459033975491408,15.297442819412485,18.07505055925657,1.0,1.0,0.371900826446281,622.1906979776413,1613.6988200060305,1555.4767449441035,4034.2470500150766,3110.953489888207,8068.494100030153,6221.906979776414,16136.988200060307,0.371900826446281,0.371900826446281,13.600774493688448,8.869990172395818,0.0
300,rectangle_2to1,200,0.6666666666666666,135,121,0.19008264462809918,5.881965054147138,9.203059850298105,10.638690971477114,0.9834710743801653,1.0,0.6033057851239669,346.3920706713531,765.6537929652761,865.9801766783828,1914.1344824131902,1731.9603533567656,3828.2689648263804,3463.920706713531,7656.537929652761,0.5933337886756369,0.6033057851239669,28.351052675651033,13.394259852747128,0.0
300,rectangle_2to1,250,0.8333333333333334,135,121,0.2231404958677686,3.8721424019281927,6.8990646674271945,7.160552511060771,0.9504132231404959,1.0,0.9173553719008265,158.21351325174237,390.0500324377057,395.5337831293559,975.1250810942641,791.0675662587118,1950.2501621885283,1582.1351325174237,3900.5003243770566,0.8718666757735128,0.9173553719008265,38.613746368657864,19.96269739620338,0.0
300,rectangle_2to1,300,1.0,45,121,0.371900826446281,2.7332757480730767,5.0520062744284315,5.332667843860475,0.7933884297520661,0.9834710743801653,1.0,112.56385843616707,232.08671075251914,281.40964609041765,580.216776881298,562.8192921808353,1160.433553762596,1125.6385843616706,2320.867107525192,0.7933884297520661,0.9834710743801653,68.94043360550296,38.32976042170858,0.0
300,rectangle_2to1,400,1.3333333333333333,45,121,0.6033057851239669,2.0372216344937306,3.376842089267136,3.7606211915650416,0.35537190082644626,0.8181818181818182,1.0,73.61164537893033,132.82551742596783,184.02911344732587,332.0637935649196,368.05822689465174,664.1275871298392,736.1164537893035,1328.2551742596784,0.35537190082644626,0.8181818181818182,91.9845464316732,56.00942463752514,0.0
300,rectangle_2to1,500,1.6666666666666667,0,121,0.6363636363636364,2.0770709614727796,2.8179905813262023,2.8298178272405807,0.09090909090909091,0.4049586776859504,1.0,74.18425641606146,104.52274615487374,185.4606410401537,261.3068653871844,370.9212820803074,522.6137307743688,741.8425641606148,1045.2274615487377,0.09090909090909091,0.4049586776859504,65.10915473301317,52.48329720994963,0.0
300,triangle_center,50,0.16666666666666666,135,121,0.008264462809917356,17.458390821428228,29.432356141314777,31.095527664720354,1.0,1.0,0.06611570247933884,3960.3181971420804,8448.65998645499,9900.795492855203,21121.649966137476,19801.590985710405,42243.29993227495,39603.18197142081,84486.5998645499,0.06611570247933884,0.06611570247933884,4.381009828512261,1.3579604262505671,0.0
300,triangle_center,100,0.3333333333333333,45,121,0.03305785123966942,8.292320312333619,14.247728326878745,16.21471648161207,1.0,1.0,0.2727272727272727,861.5113666986697,2185.1824248852913,2153.7784167466743,5462.956062213227,4307.556833493349,10925.912124426453,8615.113666986697,21851.824248852907,0.2727272727272727,0.2727272727272727,11.846931620821616,4.593981507811876,0.0
300,triangle_center,150,0.5,30,121,0.09917355371900827,4.9379209791674015,9.37719753702949,11.261804091959151,1.0,1.0,0.5619834710743802,359.2458114542016,1016.5585841972453,898.1145286355039,2541.3964604931134,1796.2290572710078,5082.792920986227,3592.4581145420157,10165.585841972454,0.5619834710743802,0.5619834710743802,22.702631704832278,8.791478153541828,0.0
300,triangle_center,200,0.6666666666666666,30,121,0.14049586776859505,3.193186042350224,7.150723199026859,8.56680694739517,0.9338842975206612,1.0,0.8347107438016529,161.1160831791807,617.0500669313376,402.7902079479518,1542.625167328344,805.5804158959036,3085.250334656688,1611.1608317918071,6170.500669313376,0.7795232566081551,0.8347107438016529,35.452612024863384,21.21707261307444,0.0
300,triangle_center,250,0.8333333333333334,165,121,0.256198347107438,2.2697683275708815,4.242392527951381,4.902907719080845,0.8347107438016529,0.9917355371900827,0.9669421487603306,98.99434444198897,260.16171945227234,247.48586110497246,650.4042986306808,494.9717222099449,1300.8085972613617,989.9434444198898,2601.6171945227234,0.8071170002049041,0.9589508913325593,54.98497027088889,36.28513772538443,0.0
300,triangle_center,300,1.0,75,121,0.371900826446281,1.9755065827999323,2.7949881138394708,3.0665229984584013,0.6033057851239669,0.9421487603305785,0.9917355371900827,79.63161181124276,127.65352042536779,199.07902952810687,319.13380106341947,398.15805905621374,638.2676021268389,796.3161181124275,1276.5352042536779,0.5983197868998019,0.9343624069394167,66.73895050037292,53.498429841608875,0.0
300,triangle_center,400,1.3333333333333333,45,121,0.5950413223140496,1.696131094391089,2.0464503364956714,2.1460491884556196,0.19834710743801653,0.5537190082644629,1.0,66.93953015551361,81.54861918758874,167.34882538878406,203.87154796897184,334.69765077756813,407.7430959379437,669.3953015551363,815.4861918758874,0.19834710743801653,0.5537190082644629,84.18994706632057,65.99702807616141,0.0
300,triangle_center,500,1.6666666666666667,135,121,0.7851239669421488,1.512731744413592,1.802233114212234,1.8468783880646622,0.008264462809917356,0.1652892561983471,1.0,61.914744094177266,70.4307321901385,154.78686023544319,176.07683047534627,309.57372047088637,352.15366095069254,619.1474409417727,704.3073219013851,0.008264462809917356,0.1652892561983471,91.06853490448657,73.34886153474301,0.0
300,irregular,50,0.16666666666666666,30,121,0.008264462809917356,22.455676541590055,40.99087299169738,55.08790556169857,1.0,1.0,0.049586776859504134,5142.456959060038,10056.174767854425,12856.142397650096,25140.43691963606,25712.28479530019,50280.87383927212,51424.56959060038,100561.74767854424,0.047127928420189875,0.047127928420189875,4.177742545120222,0.7841680024863651,0.049586776859504134
300,irregular,100,0.3333333333333333,60,121,0.04132231404958678,10.557486662664877,22.196095684758916,28.456867415997955,1.0,1.0,0.17355371900826447,1207.374473171787,3525.3690743654843,3018.4361829294685,8813.42268591371,6036.872365858937,17626.84537182742,12073.744731717874,35253.69074365484,0.17355371900826447,0.17355371900826447,9.580443703093994,3.953507804629586,0.0
300,irregular,150,0.5,165,121,0.09917355371900827,7.0048383600920445,13.398736340011421,16.620602924114024,1.0,1.0,0.39669421487603307,559.6755533625496,1416.9122982845822,1399.188883406374,3542.280745711456,2798.377766812748,7084.561491422912,5596.755533625496,14169.122982845824,0.39669421487603307,0.39669421487603307,16.47179718668481,8.291728952228208,0.0
300,irregular,200,0.6666666666666666,45,121,0.15702479338842976,4.972279768375242,7.963025572071625,8.63456124777595,0.9752066115702479,1.0,0.6776859504132231,281.91273097557246,613.0850170436184,704.7818274389311,1532.7125426090458,1409.5636548778623,3065.4250852180917,2819.1273097557246,6130.850170436183,0.6608838194112423,0.6776859504132231,27.984182622000628,14.241130096154356,0.0
300,irregular,250,0.8333333333333334,75,121,0.2727272727272727,3.2724560866912027,5.904576334921924,6.626201293297765,0.9586776859504132,1.0,0.9421487603305785,149.76490697002882,359.3583561587465,374.41226742507206,898.3958903968661,748.8245348501441,1796.7917807937322,1497.6490697002882,3593.5835615874644,0.9032169933747695,0.9421487603305785,42.53205904419057,22.24021063334116,0.0
300,irregular,300,1.0,75,121,0.35537190082644626,2.3265139445935943,4.332520351276159,4.9261459081950765,0.7933884297520661,1.0,1.0,92.61935640375137,220.3642376076637,231.5483910093784,550.9105940191592,463.0967820187568,1101.8211880383185,926.1935640375136,2203.642376076637,0.7933884297520661,1.0,71.70416799779319,38.315125604835906,0.0
300,irregular,400,1.3333333333333333,0,121,0.6363636363636364,1.5437914058504205,2.5192190684169633,2.977567774402337,0.39669421487603307,0.8264462809917356,1.0,63.038418972254284,107.30759607164234,157.5960474306357,268.26899017910586,315.1920948612714,536.5379803582117,630.3841897225428,1073.0759607164234,0.39669421487603307,0.8264462809917356,90.62173680575532,67.48831050333241,0.0
300,irregular,500,1.6666666666666667,105,121,0.9090909090909091,1.3250727781564493,1.742221305915804,1.842432990974653,0.1322314049586777,0.4297520661157025,1.0,56.601371711568646,67.96905122425696,141.5034292789216,169.92262806064235,283.0068585578432,339.8452561212847,566.0137171156864,679.6905122425694,0.1322314049586777,0.4297520661157025,95.55688135783768,78.87773387676958,0.0
300,linear,50,0.16666666666666666,45,121,0.0,24.587012533332594,131.31939820680137,206.52682091482455,1.0,1.0,0.03305785123966942,7365.549708717427,216720.31463788758,18413.874271793567,541800.786594719,36827.748543587135,1083601.573189438,73655.49708717427,2167203.146378876,0.0,0.0,0.0,0.0,1.0
300,linear,100,0.3333333333333333,60,121,0.0,12.111067867680628,67.94985638881171,82.69273641377617,1.0,1.0,0.11570247933884298,1641.3531452019279,50249.562675356,4103.38286300482,125623.90668839001,8206.76572600964,251247.81337678002,16413.53145201928,502495.62675356003,0.0,0.0,0.0,0.0,1.0
300,linear,150,0.5,30,121,0.0,8.355033207679627,42.618531463581995,53.053798907121816,1.0,1.0,0.2644628099173554,764.2061818505754,19207.89071251689,1910.5154546264382,48019.72678129224,3821.0309092528764,96039.45356258447,7642.061818505753,192078.90712516895,0.0,0.0,0.0,0.0,1.0
300,linear,200,0.6666666666666666,0,121,0.0,6.384620768124191,13.55109565201789,620.9294100024881,1.0,1.0,0.4793388429752066,444.7117458384927,3997.5020596008562,1111.7793645962317,9993.75514900214,2223.5587291924635,19987.51029800428,4447.117458384927,39975.02059600856,0.0,0.0,0.0,0.0,1.0
300,linear,250,0.8333333333333334,120,121,0.0,5.344221112939772,22.41779066466612,29.52965340241046,0.9421487603305785,1.0,0.6776859504132231,295.06283656552966,2804.5793867819057,737.6570914138241,7011.448466954764,1475.3141828276482,14022.896933909527,2950.6283656552964,28045.793867819055,0.0,0.0,0.0,0.0,1.0
300,linear,300,1.0,15,121,0.0,4.67960875698309,10.43545616033976,23.12716257546945,0.8264462809917356,0.9917355371900827,0.8264462809917356,222.78326664076386,688.821420750474,556.9581666019097,1722.0535518761853,1113.9163332038195,3444.1071037523707,2227.832666407639,6888.214207504741,0.0,0.0,0.0,0.0,1.0
300,linear,400,1.3333333333333333,165,121,0.0,3.979970886091269,7.6442878854273175,16.730414318577477,0.512396694214876,0.859504132231405,0.9173553719008265,167.1530209356208,337.18584116805846,417.882552339052,842.9646029201464,835.765104678104,1685.9292058402928,1671.530209356208,3371.8584116805855,0.0,0.0,0.0,0.0,1.0
300,linear,500,1.6666666666666667,60,121,0.0,3.842471795774196,11.242230311865448,13.976401136406016,0.19008264462809918,0.5867768595041323,0.9421487603305785,143.1975598248996,359.673111025312,357.993899562249,899.18277756328,715.987799124498,1798.36555512656,1431.975598248996,3596.73111025312,0.0,0.0,0.0,0.0,1.0
400,square,50,0.125,90,121,0.008264462809917356,25.747129853471556,57.00284788932248,82.1614976838433,0.9669421487603306,1.0,0.04132231404958678,7362.9572345975475,18023.584682793684,18407.39308649387,45058.96170698421,36814.78617298774,90117.92341396843,73629.57234597548,180235.84682793685,0.035993680149879116,0.037224233317396355,3.8021468477368763,0.7626434736205874,0.09917355371900827
400,square,100,0.25,45,121,0.04132231404958678,13.052044960235616,41.7807803018992,45.39075296977619,0.9669421487603306,1.0,0.10743801652892562,1932.0478368271747,7723.034597152744,4830.1195920679365,19307.58649288186,9660.239184135873,38615.17298576372,19320.478368271746,77230.34597152744,0.10388634656102726,0.10743801652892562,8.854732355028634,3.991949685454696,0.0
400,square,150,0.375,45,121,0.04132231404958678,8.30408863665595,18.777968627062368,22.8622420756416,0.8677685950413223,1.0,0.2396694214876033,851.8883899040491,2282.013884927523,2129.7209747601228,5705.034712318808,4259.4419495202455,11410.069424637615,8518.883899040491,22820.13884927523,0.20797759715866404,0.2396694214876033,15.312632813145694,8.400333296047455,0.0
400,square,200,0.5,135,121,0.10743801652892562,6.964860638119113,11.488753420735492,13.637371946302366,0.6528925619834711,0.9669421487603306,0.4214876033057851,509.9334659669476,1115.4622144924847,1274.833664917369,2788.655536231212,2549.667329834738,5577.311072462424,5099.334659669476,11154.622144924848,0.27518612116658697,0.4075541288163377,28.61778119068823,13.803583617355223,0.0
400,square,250,0.625,45,121,0.2066115702479339,5.253345266983427,8.089895589717349,9.031492539724562,0.5702479338842975,0.9008264462809917,0.6694214876033058,313.66712357341527,610.9999931247129,784.167808933538,1527.499982811782,1568.335617867076,3054.999965623564,3136.671235734152,6109.999931247128,0.381736220203538,0.6030325797418209,39.93537473093396,19.50361232480815,0.0
400,square,300,0.75,15,121,0.2396694214876033,3.508530458129195,6.173189698657948,7.554620501650583,0.4380165289256198,0.768595041322314,0.8760330578512396,165.1106066555945,445.07329725361706,412.77651663898627,1112.6832431340426,825.5530332779725,2225.3664862680853,1651.106066555945,4450.732972536171,0.3837169592240967,0.6733146642988866,47.65287034199805,27.040640659238452,0.0
400,square,400,1.0,105,121,0.4049586776859504,1.912531756507045,3.9414368480995496,5.661894170709059,0.17355371900826447,0.4380165289256198,1.0,76.74693075803314,234.28359282488486,191.86732689508284,585.708982062212,383.7346537901657,1171.417964124424,767.4693075803314,2342.835928248848,0.17355371900826447,0.4380165289256198,77.49907118747994,42.403282027295894,0.0
400,square,500,1.25,0,121,0.6694214876033058,1.5383924797987845,2.1820842389184176,3.069555591513956,0.04132231404958678,0.2066115702479339,1.0,61.82366172125183,92.46465183523637,154.55915430312956,231.16162958809093,309.1183086062591,462.32325917618186,618.2366172125182,924.6465183523637,0.04132231404958678,0.2066115702479339,95.43390064300355,89.14402476857607,0.0
400,diamond,50,0.125,45,121,0.008264462809917356,25.747129853471534,57.00284788932257,82.16149768384078,0.9669421487603306,1.0,0.04132231404958678,7487.344881098614,17913.94966477884,18718.36220274653,44784.87416194708,37436.72440549306,89569.74832389416,74873.44881098613,179139.49664778833,0.035993680149879116,0.037224233317396355,3.8021468477368763,0.7626434736205874,0.09917355371900827
400,diamond,100,0.25,90,121,0.04132231404958678,13.052044960235603,41.78078030189926,45.39075296977611,0.9669421487603306,1.0,0.10743801652892562,1913.0103795585442,7747.081051867326,4782.52594889636,19367.70262966831,9565.05189779272,38735.40525933662,19130.10379558544,77470.81051867324,0.10388634656102726,0.10743801652892562,8.854732355028636,3.991949685454696,0.0
400,diamond,150,0.375,90,121,0.04132231404958678,8.304088636655953,18.777968627062346,22.862242075641635,0.8677685950413223,1.0,0.2396694214876033,849.665605634481,2288.0478036741333,2124.1640140862028,5720.119509185333,4248.3280281724055,11440.239018370667,8496.656056344811,22880.478036741333,0.20797759715866404,0.2396694214876033,15.312632813145694,8.400333296047455,0.0
400,diamond,200,0.5,90,121,0.10743801652892562,6.964860638119109,11.488753420735513,13.637371946302391,0.6528925619834711,0.9669421487603306,0.4214876033057851,509.93346596695096,1115.4622144925072,1274.8336649173775,2788.6555362312683,2549.667329834755,5577.311072462537,5099.33465966951,11154.622144925073,0.27518612116658697,0.4075541288163377,28.61778119068823,13.80358361735522,0.0
400,diamond,250,0.625,90,121,0.2066115702479339,5.253345266983428,8.089895589717345,9.031492539724564,0.5702479338842975,0.9008264462809917,0.6694214876033058,312.44952921589515,622.9752336245613,781.1238230397375,1557.438084061403,1562.247646079475,3114.876168122806,3124.49529215895,6229.752336245612,0.381736220203538,0.6030325797418209,39.93537473093395,19.50361232480815,0.0
400,diamond,300,0.75,30,121,0.2396694214876033,3.5085304581291963,6.173189698657942,7.554620501650556,0.4380165289256198,0.768595041322314,0.8677685950413223,164.4724449649724,436.9470594114562,411.18111241243093,1092.3676485286405,822.3622248248619,2184.735297057281,1644.7244496497237,4369.470594114562,0.3800969879106618,0.6669626391639916,47.65287034199732,27.04064065923839,0.0
400,diamond,400,1.0,120,121,0.4049586776859504,1.9125317565070339,3.941436848099575,5.661894170709039,0.17355371900826447,0.4380165289256198,1.0,76.74693075803285,234.28359282488645,191.86732689508213,585.7089820622161,383.73465379016426,1171.4179641244323,767.4693075803285,2342.8359282488645,0.17355371900826447,0.4380165289256198,77.49907118748051,42.40328202729642,0.0
400,diamond,500,1.25,45,121,0.6694214876033058,1.538392479798784,2.182084238918417,3.0695555915139554,0.04132231404958678,0.2066115702479339,1.0,62.0843547157273,92.54748240351535,155.21088678931824,231.36870600878837,310.4217735786365,462.73741201757673,620.843547157273,925.4748240351535,0.04132231404958678,0.2066115702479339,95.43390064300355,89.14402476857607,0.0
400,rectangle_2to1,50,0.125,90,121,0.008264462809917356,32.68885542163409,59.05362294401999,100.63546994196189,0.9669421487603306,1.0,0.024793388429752067,9284.415617066641,22224.682515782497,23211.039042666605,55561.70628945624,46422.07808533321,111123.41257891248,92844.15617066642,222246.82515782496,0.02159620808992747,0.022334539990437812,3.3180054001211055,0.6049395021200451,0.09917355371900827
400,rectangle_2to1,100,0.25,90,121,0.024793388429752067,16.53602982750703,26.87709524933091,35.41826234343916,0.9008264462809917,1.0,0.09090909090909091,2449.363884246361,4477.083598554428,6123.4097106159015,11192.70899638607,12246.819421231803,22385.41799277214,24493.638842463606,44770.83598554428,0.08189331329827197,0.09090909090909091,7.84322545077304,2.332047843861657,0.0
400,rectangle_2to1,150,0.375,135,121,0.05785123966942149,11.267141555945535,24.60283942364547,29.85270690296824,0.8677685950413223,0.9834710743801653,0.19008264462809918,1090.9016503042753,3498.7587838388868,2727.2541257606886,8746.896959597218,5454.508251521377,17493.793919194435,10909.016503042754,34987.58783838887,0.16494774947066457,0.18694078273341985,13.236377752103285,6.977638889417192,0.0
400,rectangle_2to1,200,0.5,45,121,0.09090909090909091,8.444741383328497,15.322397731953279,18.122160052913262,0.7520661157024794,0.9504132231404959,0.371900826446281,622.9756916476838,1613.0094622046286,1557.4392291192094,4032.5236555115707,3114.8784582384187,8065.047311023141,6229.756916476837,16130.094622046283,0.27969400997199645,0.35345946315142407,18.17140225761995,11.827920945577848,0.0
400,rectangle_2to1,250,0.625,30,121,0.14049586776859505,6.388790287635968,10.527491071661183,12.380911099722107,0.5702479338842975,0.8925619834710744,0.5289256198347108,361.05764052003076,882.9690439792333,902.6441013000768,2207.422609948084,1805.2882026001537,4414.845219896168,3610.5764052003074,8829.690439792335,0.3016187418892152,0.4720989003483369,33.39554347679164,12.98157784297666,0.0
400,rectangle_2to1,300,0.75,105,121,0.19008264462809918,4.784286634025385,8.165669743582148,8.700641515468014,0.4214876033057851,0.7355371900826446,0.768595041322314,244.0702591199462,510.58705558056454,610.1756477998654,1276.4676389514113,1220.3512955997307,2552.9352779028227,2440.7025911994615,5105.870555805645,0.323953281879653,0.565330237005669,40.16927738603938,23.385942966651776,0.0
400,rectangle_2to1,400,1.0,75,121,0.33884297520661155,2.913938642871107,6.340755719918914,6.677646989205077,0.2066115702479339,0.4462809917355372,0.9752066115702479,106.28116850880878,330.8039149439266,265.70292127202197,827.0097873598165,531.4058425440439,1654.019574719633,1062.8116850880879,3308.039149439266,0.20148896933269586,0.43521617375862304,69.81061749898413,41.255101048642885,0.0
400,rectangle_2to1,500,1.25,150,121,0.5041322314049587,2.1432686313844562,3.720554609323349,4.043256585935042,0.05785123966942149,0.2231404958677686,1.0,79.89875716841053,148.5545392209229,199.7468929210263,371.3863480523072,399.4937858420526,742.7726961046144,798.9875716841052,1485.5453922092288,0.05785123966942149,0.2231404958677686,112.84529901467313,76.58303394546631,0.0
400,triangle_center,50,0.125,135,121,0.008264462809917356,23.92504490942851,38.014315925506615,42.124469137150236,0.9752066115702479,1.0,0.03305785123966942,6977.783488709262,14048.326925655469,17444.458721773157,35120.81731413867,34888.917443546314,70241.63462827734,69777.83488709263,140483.2692565547,0.032238235093231336,0.03305785123966942,3.8424058390840634,1.0874120928879178,0.0
400,triangle_center,100,0.25,30,121,0.01652892561983471,11.831392330877682,19.653197987998237,20.573778107073128,0.9173553719008265,1.0,0.1487603305785124,1699.8467116680636,3873.352875987717,4249.616779170159,9683.382189969294,8499.233558340318,19366.764379938588,16998.467116680637,38733.528759877176,0.13646608838194113,0.1487603305785124,9.424939654120688,3.6533693701642505,0.0
400,triangle_center,150,0.375,75,121,0.049586776859504134,7.021185841597599,12.462258161758294,14.746628044894644,0.8099173553719008,0.9752066115702479,0.3305785123966942,670.5986137293406,1760.3391956732125,1676.4965343233516,4400.847989183031,3352.9930686467033,8801.695978366062,6705.9861372934065,17603.391956732125,0.2677412745031077,0.3223823509323134,17.16186687289096,7.048219874686576,0.0
400,triangle_center,200,0.5,30,121,0.09917355371900827,4.93951622718578,9.384469890147372,11.276952025675323,0.6198347107438017,0.9173553719008265,0.5619834710743802,359.6409168039914,1010.7920750641741,899.1022920099786,2526.980187660435,1798.204584019957,5053.96037532087,3596.409168039914,10107.92075064174,0.3483368622361861,0.5155385561095555,30.237062328469698,11.814349796576382,0.0
400,triangle_center,250,0.625,150,121,0.12396694214876033,3.500529719053061,8.127026617380759,8.971621688825765,0.4628099173553719,0.8016528925619835,0.7851239669421488,194.47893168284182,730.9071691414033,486.19732920710453,1827.2679228535083,972.3946584142091,3654.5358457070165,1944.7893168284181,7309.071691414033,0.36336315825421767,0.6293968991189127,44.754029396591086,22.551222425350815,0.0
400,triangle_center,300,0.75,165,121,0.2231404958677686,2.5382763742614443,5.410985474602239,7.181926146249051,0.36363636363636365,0.628099173553719,0.9173553719008265,118.41705340593435,384.1527667686772,296.0426335148358,960.3819169216931,592.0852670296716,1920.7638338433862,1184.1705340593433,3841.5276676867725,0.33358377160030056,0.5761901509459737,63.03683078469401,34.19699419440803,0.0
400,triangle_center,400,1.0,75,121,0.371900826446281,1.9783892753760988,2.799390174211121,3.0611573297410866,0.10743801652892562,0.3305785123966942,0.9917355371900827,79.79693188451839,127.92721250656035,199.49232971129595,319.8180312664009,398.9846594225919,639.6360625328018,797.9693188451838,1279.2721250656036,0.10655009903695103,0.3278464585752339,89.00364910267763,71.1262426847408,0.0
400,triangle_center,500,1.25,30,121,0.5371900826446281,1.7570404683176002,2.1163802161388823,2.301988192829132,0.008264462809917356,0.09917355371900827,1.0,69.02768471246601,89.56127400072697,172.56921178116505,223.9031850018174,345.1384235623301,447.8063700036348,690.2768471246602,895.6127400072696,0.008264462809917356,0.09917355371900827,106.12956004710611,86.8090730950472,0.0
400,irregular,50,0.125,30,121,0.008264462809917356,29.763465520223654,56.5651858713589,77.83097519309048,0.9669421487603306,1.0,0.024793388429752067,9336.924026609235,18843.817975160553,23342.31006652309,47109.54493790137,46684.62013304618,94219.08987580275,93369.24026609235,188438.1797516055,0.021794338439376344,0.022539444027047332,3.8007606840422876,0.6204685569481204,0.09090909090909091
400,irregular,100,0.25,165,121,0.03305785123966942,14.84981226807807,39.915332865623746,60.31718298669496,0.9586776859504132,1.0,0.09090909090909091,2241.3340929264837,8566.675566743199,5603.33523231621,21416.688916858,11206.67046463242,42833.377833716,22413.34092926484,85666.755667432,0.08715251690458302,0.09090909090909091,8.34843070688064,2.9131590672514074,0.0
400,irregular,150,0.375,75,121,0.04132231404958678,9.713109071295824,21.896938169841405,29.092589177336116,0.8842975206611571,1.0,0.2231404958677686,994.8335382520117,3138.808618165898,2487.0838456300294,7847.021545414745,4974.167691260059,15694.04309082949,9948.335382520117,31388.08618165898,0.19732258725496893,0.2231404958677686,13.442437701173262,6.170425630568645,0.0
400,irregular,200,0.5,165,121,0.09917355371900827,7.013707334455172,13.411941111742971,16.55454828186956,0.7107438016528925,0.9669421487603306,0.39669421487603307,558.1794308697863,1411.195219550927,1395.4485771744658,3527.9880488773183,2790.8971543489315,7055.976097754637,5581.794308697863,14111.952195509273,0.28194795437470116,0.3835803565330237,22.08114489657078,11.198706303279803,0.0
400,irregular,250,0.625,135,121,0.14049586776859505,5.442508006631146,8.628026368265767,9.507322489735987,0.5702479338842975,0.8842975206611571,0.5950413223140496,342.9456312194755,718.3244227705572,857.3640780486887,1795.811056926393,1714.7281560973775,3591.622113852786,3429.456312194755,7183.244227705572,0.33932108462536714,0.5261935660132505,33.959734309529345,16.593729111601718,0.0
400,irregular,300,0.75,45,121,0.19834710743801653,4.228469469740555,6.9074181398795895,7.588087437629342,0.4628099173553719,0.7768595041322314,0.8181818181818182,203.85889092734314,480.778002443501,509.64722731835786,1201.9450061087525,1019.2944546367157,2403.890012217505,2038.5889092734315,4807.78002443501,0.3786626596543952,0.6356123215627348,45.34298735951903,24.126915110261063,0.0
400,irregular,400,1.0,105,121,0.371900826446281,2.280919358422645,4.805500416894176,5.816030833070163,0.2231404958677686,0.49586776859504134,0.9669421487603306,89.3704609413293,253.74753011100415,223.42615235332323,634.3688252775105,446.85230470664646,1268.737650555021,893.7046094132929,2537.475301110042,0.21576395054982583,0.47947544566627964,74.74748488693554,38.79647053355352,0.0
400,irregular,500,1.25,30,121,0.5702479338842975,1.598259505557132,3.1423211701140623,3.8775642237375236,0.06611570247933884,0.24793388429752067,1.0,63.37100159268726,148.79646658587205,158.42750398171813,371.99116646468013,316.85500796343626,743.9823329293603,633.7100159268725,1487.9646658587205,0.06611570247933884,0.24793388429752067,94.08300658699122,77.96601964948569,0.0
400,linear,50,0.125,0,121,0.0,33.67817173638009,87.53962246334834,131.7506670805251,0.9834710743801653,1.0,0.0,13079.94474546162,112946.94983005726,32699.86186365405,282367.3745751432,65399.7237273081,564734.7491502864,130799.4474546162,1129469.4983005729,0.0,0.0,0.0,0.0,1.0
400,linear,100,0.25,165,121,0.0,17.178699868184157,53.35346922658028,117.10894146707925,0.9504132231404959,1.0,0.05785123966942149,3124.671956646057,30002.728684810903,7811.679891615142,75006.82171202727,15623.359783230284,150013.64342405455,31246.719566460568,300027.2868481091,0.0,0.0,0.0,0.0,1.0
400,linear,150,0.375,30,121,0.0,10.835710003833304,58.3839700372673,72.60454319288404,0.9008264462809917,0.9834710743801653,0.1487603305785124,1304.9502272200107,35131.95835415127,3262.3755680500262,87829.89588537818,6524.7511361000525,175659.79177075636,13049.502272200105,351319.5835415127,0.0,0.0,0.0,0.0,1.0
400,linear,200,0.5,150,121,0.0,8.362223843489978,41.913206740852274,52.9264495709369,0.8181818181818182,0.9504132231404959,0.2644628099173554,762.867196370062,18744.889383436155,1907.1679909251552,46862.223458590386,3814.3359818503104,93724.44691718077,7628.671963700621,187448.89383436154,0.0,0.0,0.0,0.0,1.0
400,linear,250,0.625,135,121,0.0,6.7776243012658774,38.67289377941972,72.66957023280399,0.743801652892562,0.9008264462809917,0.4132231404958678,507.15560913698147,16218.120498642775,1267.8890228424536,40545.301246606934,2535.7780456849073,81090.60249321387,5071.556091369815,162181.20498642774,0.0,0.0,0.0,0.0,1.0
400,linear,300,0.75,150,121,0.0,5.9062209875242635,25.284682987560956,32.959697347885395,0.5950413223140496,0.8760330578512396,0.5619834710743802,347.04209822984114,4217.887242968542,867.6052455746028,10544.718107421353,1735.2104911492056,21089.436214842706,3470.420982298411,42178.87242968541,0.0,0.0,0.0,0.0,1.0
400,linear,400,1.0,60,121,0.0,4.684793336501684,17.603253305338846,23.271616894158306,0.33884297520661155,0.6363636363636364,0.8181818181818182,227.8865151030229,895.9269605248616,569.7162877575572,2239.8174013121543,1139.4325755151144,4479.634802624309,2278.865151030229,8959.269605248617,0.0,0.0,0.0,0.0,1.0
400,linear,500,1.25,60,121,0.0,4.073879639832296,13.593118746311829,17.38260612264617,0.10743801652892562,0.36363636363636365,0.8677685950413223,180.09339261349533,522.2284628351266,450.2334815337383,1305.5711570878166,900.4669630674766,2611.142314175633,1800.9339261349533,5222.284628351266,0.0,0.0,0.0,0.0,1.0
