candidate_lat,candidate_lon,nearest_existing_km,best4_median_hrmse_0_25us_m,best4_p90_hrmse_0_25us_m,worst4_p90_hrmse_0_25us_m,full5_p90_hrmse_0_25us_m,best4_under_1km_fraction,inside_5rx_hull_fraction,four_visible_350km_fraction,five_visible_350km_fraction,is_mongcai,composite_score
18.3,108.9,238.21232658496487,125.01874846462904,376.95641613808664,2709.623723318599,367.9351358436166,0.9849624060150376,0.3082706766917293,0.7418546365914787,0.40100250626566414,False,77.74480712166172
18.0,108.9,267.35370095831433,121.62160169517887,380.52013067536,2504.4060341806253,366.0155811947855,0.9849624060150376,0.3233082706766917,0.7243107769423559,0.3609022556390977,False,77.44807121661721
17.7,108.3,277.15096919440737,131.2483270207618,400.9821354249285,2141.3525994119254,387.05764635503397,0.9799498746867168,0.2957393483709273,0.7218045112781954,0.37844611528822053,False,76.89910979228488
18.0,109.2,283.3040722660266,120.3632585212139,378.8698805404324,2753.377234692009,369.8189341696548,0.9924812030075187,0.3358395989974937,0.7218045112781954,0.3157894736842105,False,76.89910979228488
17.7,108.9,297.38224069906715,120.09877643483533,383.8063951880874,2434.1291362184124,368.225442243539,0.9849624060150376,0.3433583959899749,0.7167919799498746,0.3107769423558897,False,76.88427299703264
17.7,108.6,285.7075446042187,123.47050436477248,391.33334198093837,2309.7947827182124,375.48038452613616,0.9824561403508771,0.3182957393483709,0.7192982456140351,0.3483709273182957,False,76.82492581602374
18.0,108.6,254.32763712599876,124.93953523069604,383.9464699142864,2393.0338471018076,370.80528789532013,0.9799498746867168,0.3007518796992481,0.7268170426065163,0.39598997493734334,False,76.81008902077151
17.7,109.2,311.8249961325314,117.56669343167918,376.86366441957057,2481.3592079356968,368.79874082727434,0.9949874686716792,0.3583959899749373,0.706766917293233,0.2807017543859649,False,76.48367952522256
17.4,109.2,341.2236909166709,118.27649270059136,383.82107337474946,2409.05401940321,370.194195483405,0.9974937343358395,0.3684210526315789,0.7017543859649122,0.23558897243107768,False,76.24629080118693
18.3,109.2,255.95451698259342,122.5002187599383,380.4479387602524,2986.089229846703,370.3686166317808,0.9899749373433584,0.3157894736842105,0.731829573934837,0.3609022556390977,False,76.03857566765578
17.4,109.5,356.71022232957904,117.03081236870807,380.1555880111361,2574.316003470358,369.17034763449607,0.9974937343358395,0.37343358395989973,0.6967418546365914,0.20551378446115287,False,75.78635014836796
18.0,108.3,244.6933877851142,133.8401519898821,396.57654419621656,2265.438186392945,383.28528845418106,0.9774436090225563,0.2731829573934837,0.7293233082706767,0.43358395989974935,False,75.72700296735906
18.3,108.6,223.5211900743486,129.97219627225016,385.82031381581834,2508.012626900342,370.6956752819897,0.974937343358396,0.2832080200501253,0.7468671679197995,0.44360902255639095,False,75.53412462908011
18.3,109.5,276.16028504666343,120.92420121196847,376.8657255801794,3283.7796980611793,368.99795326083154,0.9899749373433584,0.3233082706766917,0.7268170426065163,0.3132832080200501,False,75.13353115727003
17.7,109.5,328.6710651367261,117.3649031449578,380.4447067738377,2735.173433931974,368.5767254433912,0.9974937343358395,0.3583959899749373,0.7042606516290727,0.24060150375939848,False,75.04451038575668
17.4,108.6,317.490920342238,124.36770094849064,398.7554664144961,2214.062485162445,386.2857041755758,0.9849624060150376,0.3208020050125313,0.706766917293233,0.2982456140350877,False,74.91097922848665
19.2,108.9,160.92944726658436,149.68126714182267,402.62687376592135,4227.803023849225,388.4215650715374,0.974937343358396,0.2506265664160401,0.8120300751879699,0.49874686716791977,False,74.64391691394658
17.4,108.9,328.05441544391033,120.06909994488012,392.75303828911234,2353.9222944135095,376.003967817162,0.9849624060150376,0.3508771929824561,0.7042606516290727,0.2706766917293233,False,74.5845697329377
17.7,108.0,272.00696133645283,140.67632685903473,419.314738112683,2133.657495581077,411.4568404171591,0.9799498746867168,0.2656641604010025,0.7192982456140351,0.41102756892230574,False,74.51038575667656
17.4,108.3,309.79990580098814,128.85469406512746,404.7085180295044,2162.2963633351615,395.10249736752786,0.9824561403508771,0.3032581453634085,0.7092731829573935,0.3283208020050125,False,74.28783382789318
18.6,108.9,210.32719863569082,131.83379851829727,385.5095519767002,3075.1040260057903,371.08433732036895,0.974937343358396,0.2807017543859649,0.7619047619047619,0.43609022556390975,False,74.28783382789317
18.6,109.2,230.19422338532434,129.68239850469584,386.8704954383808,3328.279592073719,370.088266076806,0.9774436090225563,0.3007518796992481,0.7543859649122807,0.38847117794486213,False,73.85756676557862
17.4,108.0,289.9911244862319,139.86819406889487,418.76486383217497,2141.3525994119254,411.0026530647245,0.9824561403508771,0.2781954887218045,0.7117794486215538,0.3483709273182957,False,73.64985163204749
18.0,109.5,301.71527825181164,117.34472626027555,383.41769664397765,2951.8635388351167,368.2616895193441,0.9924812030075187,0.3458646616541353,0.7117794486215538,0.2807017543859649,False,73.41246290801186
18.0,108.0,238.86175195774203,144.75912193732498,436.2061514922156,2141.3525994119254,427.1496546599544,0.974937343358396,0.2531328320802005,0.731829573934837,0.46115288220551376,False,72.49258160237389
18.6,109.5,252.43187371849766,125.29213619205781,383.2921940841288,3862.319316038088,365.8066790631805,0.9774436090225563,0.3057644110275689,0.7443609022556391,0.3433583959899749,False,72.35905044510386
19.5,108.9,141.6567174897622,160.56388114503824,410.6846237115525,4985.589826755087,395.5841120884334,0.9724310776942355,0.22556390977443608,0.8195488721804511,0.5238095238095238,False,72.3145400593472
21.3,105.3,255.4781342859829,163.96743839472154,526.2580244584984,3495.2931299608763,506.9965154517358,0.9799498746867168,0.2832080200501253,0.8295739348370927,0.5588972431077694,False,72.13649851632047
18.9,108.9,184.26951808914072,140.0178595746132,396.2444542958323,3433.59392639169,377.5857210004407,0.9699248120300752,0.2606516290726817,0.7944862155388471,0.46616541353383456,False,72.00296735905044
19.5,109.2,169.61800613698375,151.80238707469314,418.09460846838164,4710.371489757814,403.59117856597334,0.9724310776942355,0.24310776942355888,0.8120300751879699,0.46867167919799496,False,71.70623145400594
21.6,105.3,256.1090834931356,149.2023145036754,505.8602767646521,3850.3329509063606,497.46959286719414,0.9799498746867168,0.2932330827067669,0.8220551378446115,0.5263157894736842,False,71.64688427299704
21.0,105.3,251.8874018930835,178.54337768088226,540.8289666532849,3356.1298320560877,521.1175084017977,0.9799498746867168,0.2656641604010025,0.8345864661654135,0.5889724310776943,False,71.49851632047476
17.7,107.7,245.66756816998657,152.14264100938982,430.5477968055826,2177.5152733659133,418.18881550462953,0.9799498746867168,0.23558897243107768,0.7192982456140351,0.43358395989974935,False,71.42433234421365
18.9,109.2,206.61847585492228,134.64335888245603,395.63698723833556,3775.578990430763,378.7604746957152,0.9724310776942355,0.2756892230576441,0.7744360902255639,0.42355889724310775,False,71.29080118694361
19.2,109.2,186.0595524603432,143.9932593451959,407.27790589955595,4298.669065499579,390.61723838485716,0.974937343358396,0.2581453634085213,0.7994987468671679,0.44360902255639095,False,70.83086053412461
17.4,107.7,263.45403074953623,147.37389070276205,432.1009512845098,2225.9523404332767,420.9804534097955,0.9799498746867168,0.24561403508771928,0.7142857142857143,0.37092731829573933,False,70.68249258160238
19.8,109.2,158.5797194537813,166.40629543441463,423.58521420038613,4647.311189657632,407.7059758511494,0.9699248120300752,0.22055137844611528,0.8195488721804511,0.48120300751879697,False,70.60830860534124
18.6,108.6,193.56220520654077,136.64722368044667,399.2281701717089,2785.715358134943,374.6651165385071,0.9624060150375939,0.2581453634085213,0.7719298245614035,0.47619047619047616,False,70.56379821958457
18.3,108.3,212.51485723684542,138.22109266527252,420.8337162577653,2569.626366433731,410.2140331067148,0.9674185463659147,0.2581453634085213,0.7568922305764411,0.47619047619047616,False,70.47477744807122
19.2,109.5,212.86476600497352,140.50538459386522,410.9327558907334,4207.081487998731,395.77935695488674,0.974937343358396,0.2681704260651629,0.7844611528822055,0.39849624060150374,False,70.34124629080118
18.9,109.5,231.09338524538015,130.91523594184338,398.1120878555593,4008.8984995847622,375.9604371668263,0.9724310776942355,0.2857142857142857,0.7669172932330827,0.37092731829573933,False,70.0593471810089
19.2,108.6,138.39012066862628,158.97929648673156,430.005822647389,4138.699899124419,408.8645813165934,0.9649122807017544,0.22556390977443608,0.8220551378446115,0.5413533834586466,False,69.70326409495549
21.9,104.4,351.5436962200234,120.96609291272186,488.6024396973179,3402.6802224613034,486.66607478389204,1.0,0.37844611528822053,0.7393483709273183,0.37092731829573933,False,69.61424332344214
22.2,104.7,326.97884481811326,121.80896978867658,477.71943040579043,3776.0818034729905,469.0738576271071,0.9949874686716792,0.38847117794486213,0.7568922305764411,0.37092731829573933,False,69.59940652818992
21.9,104.7,320.84257431835846,123.09361639241354,485.80520691821766,3536.402467777009,473.7371923243531,0.9949874686716792,0.3684210526315789,0.7619047619047619,0.41102756892230574,False,69.5994065281899
19.5,109.5,198.6041757508662,149.3117664192596,417.7408508180775,4491.977069228228,398.6051200677757,0.974937343358396,0.2506265664160401,0.7969924812030075,0.41604010025062654,False,69.56973293768546
17.4,107.4,238.1851800158508,158.60059263108374,428.89266503852474,2225.9523404332767,414.9781776231013,0.9799498746867168,0.23308270676691728,0.7117794486215538,0.38847117794486213,False,69.45103857566765
22.2,105.0,297.0397738787693,125.80046430758803,476.9965531164321,3984.374868701223,460.801076516966,0.9924812030075187,0.3634085213032581,0.7744360902255639,0.40852130325814534,False,69.42136498516321
19.8,109.5,189.21094788219978,157.7328844410535,418.6282234034265,4496.6028110547295,406.16432056465993,0.9724310776942355,0.23809523809523808,0.8045112781954887,0.42857142857142855,False,69.27299703264094
21.6,104.7,318.1013740916559,135.79083201214982,504.93322367802153,3282.628015434109,487.5356390531269,0.9949874686716792,0.3433583959899749,0.7694235588972431,0.44862155388471175,False,69.18397626112758
17.7,107.4,218.39906290127254,165.52841332434963,439.6544046272314,2314.2802338176643,427.98806017637196,0.9799498746867168,0.22556390977443608,0.7218045112781954,0.45363408521303256,False,69.10979228486647
17.4,107.1,214.63305141297351,170.94499563545975,430.17738840764423,2225.9523404332767,426.6868496195748,0.9774436090225563,0.22055137844611528,0.7142857142857143,0.39849624060150374,False,69.09495548961424
21.9,105.0,290.2034855159971,126.82065859521433,489.308150068069,3812.415940496253,471.9535397438211,0.9924812030075187,0.3483709273182957,0.7794486215538847,0.45112781954887216,False,69.02077151335311
22.2,104.4,357.09211555516174,120.53718323813493,485.6530738898662,3527.532131825883,473.42151589789404,0.9974937343358395,0.39849624060150374,0.7368421052631579,0.3333333333333333,False,68.93175074183976
21.6,105.0,287.102030863623,139.2790258532014,501.1204885629382,3547.4400059971786,489.62137538480243,0.9924812030075187,0.3208020050125313,0.7844611528822055,0.48872180451127817,False,68.87240356083086
17.4,106.8,193.42583807285922,186.42713877367459,432.6219109159444,2141.3525994119254,423.1433636335973,0.974937343358396,0.21553884711779447,0.7142857142857143,0.40350877192982454,False,68.87240356083085
19.8,108.9,128.29758824688082,175.75647830782066,426.136535882429,5072.961477969851,410.1711052488675,0.9699248120300752,0.20802005012531327,0.8270676691729323,0.5388471177944862,False,68.76854599406528
22.5,104.7,336.32440666216144,122.34449856155697,472.3607230691435,4103.255211695922,467.25290299133303,0.9949874686716792,0.40350877192982454,0.7493734335839599,0.3258145363408521,False,68.59050445103857
21.9,105.3,259.64852607007754,138.0778997070876,500.08287510838744,4221.487488712235,486.44475818529645,0.9799498746867168,0.3208020050125313,0.8095238095238095,0.48621553884711777,False,68.50148367952522
18.9,108.6,164.91319426112156,147.82840545348154,411.6939148287298,3292.6509915340953,393.2217412893627,0.9573934837092731,0.23809523809523808,0.8020050125313283,0.5162907268170426,False,68.486646884273
21.3,104.7,299.6740499027475,143.2827974991422,524.3596076909372,3212.8565207503702,512.9856481557412,0.9949874686716792,0.3308270676691729,0.7744360902255639,0.47619047619047616,False,68.4272997032641
18.0,107.7,231.34783326198018,158.43090136387562,471.6958868267031,2225.9523404332767,466.4094762110501,0.974937343358396,0.21553884711779447,0.7343358395989975,0.49122807017543857,False,68.30860534124629
21.3,105.0,286.5535415559341,149.1793066366781,520.9421575650563,3334.209646513821,500.39014797748837,0.9949874686716792,0.3082706766917293,0.7894736842105263,0.5263157894736842,False,68.26409495548961
22.5,104.4,365.6090032675222,120.91061909838022,482.49983363036097,3730.055985100759,467.1843866202194,0.9974937343358395,0.41102756892230574,0.7293233082706767,0.2907268170426065,False,68.1454005934718
21.0,105.0,258.43115360028025,160.52324795263115,536.5756631831034,3079.835111277133,517.0934801086545,0.9949874686716792,0.2907268170426065,0.7944862155388471,0.5488721804511278,False,67.96735905044511
21.6,104.4,342.03381309655623,131.2897132011759,513.9628981752111,3229.0386953889706,503.31088310432625,1.0,0.3558897243107769,0.7418546365914787,0.40350877192982454,False,67.96735905044511
21.3,105.6,224.40281436196895,183.80210906570056,513.4194255097694,4106.841560234537,505.1000822744729,0.9699248120300752,0.24561403508771928,0.8370927318295739,0.5964912280701754,False,67.71513353115726
17.7,107.1,192.48729215234826,180.6596441505433,452.3035298710906,2141.3525994119254,439.01690921317197,0.9774436090225563,0.20802005012531327,0.7167919799498746,0.46867167919799496,False,67.67062314540058
20.1,109.2,154.11014024292098,181.00928930954905,430.1923218408676,5072.320951176166,417.39855792964823,0.9699248120300752,0.20551378446115287,0.8195488721804511,0.49122807017543857,False,67.46290801186944
22.8,104.4,376.89317193704625,120.0523598153416,475.361275377077,4050.541102604999,469.5501047061336,0.9974937343358395,0.41604010025062654,0.7243107769423559,0.24812030075187969,False,67.3887240356083
21.6,105.6,225.1253118925243,159.81700745342408,513.5999788177436,4504.7286305797,505.2829818068002,0.9699248120300752,0.2606516290726817,0.8320802005012531,0.5588972431077694,False,67.31454005934718
20.7,105.3,218.964232246888,198.66343850216978,562.159796572531,3330.0773634630896,555.1277850322797,0.974937343358396,0.24060150375939848,0.8270676691729323,0.6115288220551378,False,67.21068249258161
22.2,105.3,267.3335685999599,129.5046687598811,485.1744067839745,4639.7398909272315,472.0130080521812,0.9799498746867168,0.3383458646616541,0.7994987468671679,0.44110275689223055,False,67.16617210682493
21.0,105.6,227.43599273819032,201.8468362659733,532.3547710829696,4191.968010016477,520.265885296786,0.9699248120300752,0.23057644110275688,0.8395989974937343,0.6215538847117794,False,66.98813056379822
21.3,104.4,311.5532823286843,141.06723488277663,538.7894499177812,3001.610785772011,527.6187796492082,1.0,0.3408521303258145,0.7443609022556391,0.43609022556390975,False,66.97329376854599
19.5,108.6,115.46739309580327,177.5275748194894,442.26748076037666,5017.105062818513,431.16864344603704,0.9649122807017544,0.20551378446115287,0.8320802005012531,0.568922305764411,False,66.94362017804154
22.5,105.0,307.3617882031204,125.47780737792576,488.97600842525327,4613.4188035039,476.2848509218533,0.9924812030075187,0.37343358395989973,0.7669172932330827,0.3558897243107769,False,66.88427299703264
17.7,106.5,147.5828970763249,214.96533983399482,443.13440208194794,2129.3475407016776,431.11857310613505,0.974937343358396,0.18546365914786966,0.7142857142857143,0.47117794486215536,False,66.78041543026706
17.4,106.5,175.41615394896485,196.3162730872685,435.27649650069395,2308.975015502845,420.01999500930344,0.974937343358396,0.19548872180451127,0.7142857142857143,0.39849624060150374,False,66.73590504451039
17.7,106.8,168.55919886509136,196.00913365444055,447.57649971406056,2225.9523404332767,442.4583142331277,0.974937343358396,0.19298245614035087,0.7142857142857143,0.47368421052631576,False,66.3946587537092
20.4,109.5,187.58990825979248,187.75482331063532,411.1397697413679,5808.300474805485,404.1724348352012,0.9699248120300752,0.19799498746867167,0.8120300751879699,0.43107769423558895,False,66.33531157270029
21.0,104.7,268.5031123455103,152.56122571983116,555.7076395796131,3009.157592301621,535.1662864348601,1.0,0.3107769423558897,0.7694235588972431,0.5112781954887218,False,66.30563798219585
22.8,104.7,348.6212587558361,121.93416506991387,483.0084612574388,4507.673625910042,465.89344759199105,0.9949874686716792,0.39849624060150374,0.7368421052631579,0.2807017543859649,False,66.2166172106825
20.1,109.5,185.42626876281707,171.64651922803708,421.4689952744338,4982.128708418654,400.52558026792144,0.9699248120300752,0.21553884711779447,0.8070175438596491,0.43609022556390975,False,66.03857566765579
21.9,105.6,229.21148038066744,151.68297315552854,506.24561013173025,4952.956001586816,493.7567245045763,0.9699248120300752,0.2807017543859649,0.8245614035087719,0.5162907268170426,False,66.02373887240356
20.1,108.9,122.7974903134803,191.18181602312234,446.2968974197641,5669.0414086500805,430.98256835486774,0.9699248120300752,0.18796992481203006,0.8270676691729323,0.5513784461152882,False,65.62314540059347
21.0,104.4,281.72509110866656,147.74161755146906,563.9578798996814,2856.440337923188,551.2538771936028,1.0,0.3258145363408521,0.7493734335839599,0.45363408521303256,False,65.48961424332343
20.4,105.3,186.1960335061859,218.03269011559718,583.2739142826067,3187.071677003242,570.2826848338499,0.9724310776942355,0.22305764411027568,0.8270676691729323,0.631578947368421,False,65.10385756676558
22.2,105.6,237.94759412566788,141.5507194406276,496.92419674472814,5566.678110124476,482.46647896943523,0.9699248120300752,0.3032581453634085,0.8145363408521303,0.46867167919799496,False,65.02967359050444
17.4,106.2,161.67616089485986,212.97792467849055,438.2837605246584,2428.945904135648,430.1243429331657,0.9724310776942355,0.18546365914786966,0.7142857142857143,0.38596491228070173,False,64.73293768545993
22.5,105.3,278.82163120890647,128.2413009895749,494.249123089065,5242.84461814619,477.77196474533906,0.9799498746867168,0.3508771929824561,0.7894736842105263,0.39097744360902253,False,64.70326409495549
22.8,105.0,320.83327080821795,123.2685445653132,493.5297856398047,5066.80348599052,487.2461405390488,0.9899749373433584,0.37844611528822053,0.7568922305764411,0.3057644110275689,False,64.65875370919882
18.0,107.4,202.21050779312503,175.18515831617216,492.70282954920225,2305.6214698727144,483.16733228709643,0.9724310776942355,0.20802005012531327,0.731829573934837,0.5112781954887218,False,64.540059347181
19.8,108.6,98.68658348102379,194.6146468249194,471.5447887128457,5714.209450913388,452.3389626171574,0.9674185463659147,0.18796992481203006,0.8370927318295739,0.5864661654135338,False,64.33234421364986
17.4,105.6,151.35778012678375,238.28005889723153,440.6194356543727,2153.4093410720857,437.48358365779154,0.9724310776942355,0.15789473684210525,0.7142857142857143,0.3333333333333333,False,63.99109792284866
20.7,105.0,226.47557493217676,180.19889805481228,570.9191849846944,3103.988924068362,562.2729584517909,0.9899749373433584,0.2681704260651629,0.7919799498746867,0.5764411027568922,False,63.84272997032642
20.7,104.7,237.9258335356394,163.45039075112496,582.3327709225982,3048.3504554133874,573.8729176585449,0.9974937343358395,0.2882205513784461,0.7669172932330827,0.5288220551378446,False,63.753709198813056
18.3,108.0,205.7854542944681,153.60096762283268,476.31609653696376,2576.71408551652,460.6544940593387,0.9598997493734336,0.22807017543859648,0.7593984962406015,0.5112781954887218,False,63.62017804154303
21.6,105.9,194.15525103292856,180.1834000253592,534.0949779537837,5185.222897555714,524.2517493769029,0.9699248120300752,0.24561403508771928,0.8320802005012531,0.5889724310776943,False,63.501483679525215
20.7,104.4,252.78027424754217,155.3048673838841,592.0544569183044,2893.3359342100357,581.1871197413758,1.0,0.3057644110275689,0.7468671679197995,0.47869674185463656,False,63.33827893175075
20.4,109.2,156.7721012260111,195.75563697808286,431.6235136193695,6372.342921678317,421.43750035170336,0.9699248120300752,0.18546365914786966,0.8170426065162907,0.48872180451127817,False,63.13056379821958
20.7,105.6,215.80352084796564,217.7273236019511,547.615613019496,3908.6040032319706,537.0713028171065,0.9598997493734336,0.20802005012531327,0.8446115288220551,0.6466165413533834,False,63.011869436201785
18.0,107.1,173.95554043068617,190.26342591894246,509.4647261876155,2208.908174316043,505.652519486496,0.9724310776942355,0.19298245614035087,0.7268170426065163,0.5288220551378446,False,62.952522255192875
17.4,105.9,153.35784581863618,227.43317339697666,446.64754778274494,2455.1842768841943,437.0226603599303,0.9724310776942355,0.17543859649122806,0.7142857142857143,0.3684210526315789,False,62.92284866468844
21.3,105.9,193.32776365472978,205.71863081681929,534.6777201770587,5022.128126682717,519.9106801065626,0.9674185463659147,0.23057644110275688,0.8395989974937343,0.6190476190476191,False,62.90801186943621
20.7,109.2,164.07401829453116,215.10609547836953,427.4715552079135,8321.080221461907,425.66445420023945,0.9699248120300752,0.16541353383458646,0.8170426065162907,0.48370927318295737,False,62.89317507418398
21.9,105.9,198.94661526224905,164.9394613722625,518.5950416323165,5844.724089201442,507.94904981524326,0.9699248120300752,0.2681704260651629,0.8270676691729323,0.5463659147869674,False,62.86350148367953
18.6,108.3,180.76446358976492,148.1675458783569,449.30574426296477,2919.048550143513,429.8128243498544,0.949874686716792,0.23308270676691728,0.7769423558897243,0.518796992481203,False,62.84866468842729
20.1,108.6,91.49204433465836,214.25920046452913,480.8996346997367,6329.207546798146,469.57673520979387,0.9699248120300752,0.16040100250626566,0.8395989974937343,0.5989974937343359,False,62.6706231454006
22.2,105.9,209.0170940606917,154.5958304313211,520.8292160714856,6904.212886241707,500.28372812723626,0.9699248120300752,0.2882205513784461,0.8195488721804511,0.49122807017543857,False,62.581602373887236
18.0,106.8,147.09238828881593,213.6684530675088,506.25799170507867,2141.3525994119254,495.5757114957288,0.9724310776942355,0.18295739348370926,0.7218045112781954,0.5388471177944862,False,62.52225519287835
17.4,105.3,155.91930221646118,231.6638113804879,432.2372650889824,2307.150164171668,428.6147347066829,0.9724310776942355,0.15037593984962405,0.7117794486215538,0.2982456140350877,False,62.22551928783383
21.0,105.9,196.77331553973474,221.06905275405083,535.9942690338125,4687.902014651461,530.0551514636321,0.9624060150375939,0.21052631578947367,0.8421052631578947,0.6466165413533834,False,62.166172106824924
20.7,109.5,192.7685006432775,201.49826314069932,412.51683892936154,7572.838284973493,409.7942656680076,0.9699248120300752,0.17794486215538846,0.8070175438596491,0.41854636591478694,False,62.12166172106824
17.7,106.2,130.98434791864796,232.98093550638737,460.4361292176743,2432.632907749057,448.07721303348563,0.9724310776942355,0.17042606516290726,0.7142857142857143,0.46115288220551376,False,61.973293768546
20.4,108.9,126.18828410629386,216.1385613470951,454.9195909950942,7412.9681700079545,435.56159850270325,0.9699248120300752,0.16541353383458646,0.8295739348370927,0.5538847117794486,False,61.66172106824925
20.4,104.4,225.05992100818426,165.81643186581297,625.44430770169,2710.944327636509,598.9218634366506,0.9949874686716792,0.2832080200501253,0.7418546365914787,0.48872180451127817,False,61.068249258160236
18.0,106.5,122.53993192202934,233.87023351026713,499.3219364855995,2141.3525994119254,488.8333731029058,0.9724310776942355,0.16541353383458646,0.7167919799498746,0.5388471177944862,False,61.03857566765578
22.8,105.3,293.6667369743479,127.69376338931136,516.5363524275009,5865.184128160317,500.8210638194034,0.9774436090225563,0.3508771929824561,0.7744360902255639,0.3333333333333333,False,60.78635014836795
17.7,105.6,118.03541474444742,246.75730229944082,467.219963244471,2286.322924779636,458.8690212672062,0.9724310776942355,0.14536340852130325,0.7142857142857143,0.41102756892230574,False,60.50445103857566
20.4,105.0,194.99026932908924,196.8397941704725,621.0723392816689,3077.838834553581,606.3000497844063,0.9849624060150376,0.24812030075187969,0.7844611528822055,0.5889724310776943,False,60.35608308605342
20.4,104.7,208.20393605016974,181.02410438144392,636.496489328071,2990.655213111401,626.094838013458,0.9949874686716792,0.2706766917293233,0.7644110275689223,0.5463659147869674,False,60.20771513353116
17.7,105.9,120.58515497804247,243.24537341100034,471.9587660122264,2573.6549612565805,459.60890208675187,0.9724310776942355,0.16040100250626566,0.7142857142857143,0.43859649122807015,False,60.08902077151337
22.5,105.6,250.84830167498427,135.01845471856072,516.80429627369,6363.355584141873,502.63404240481475,0.9699248120300752,0.3107769423558897,0.8045112781954887,0.41604010025062654,False,60.07418397626112
20.7,105.9,200.32673558326118,238.72387509730314,535.8157356039786,4812.33676502879,531.8989355729983,0.9548872180451128,0.19047619047619047,0.8471177944862155,0.6591478696741855,False,59.985163204747785
17.4,105.0,166.50399024782575,227.3077425512643,423.2384064287192,2323.0877090910744,417.07548039352446,0.9724310776942355,0.12531328320802004,0.7092731829573935,0.2531328320802005,False,59.83679525222553
21.3,106.2,162.25328177119508,226.44108616270765,553.9909030663899,5518.752364744606,543.9406987237469,0.9699248120300752,0.20551378446115287,0.8395989974937343,0.6416040100250626,False,59.673590504451035
21.9,106.2,168.9466324405757,180.52777788843662,538.3837022272854,7678.619578902398,525.0572101309425,0.9699248120300752,0.24310776942355888,0.8270676691729323,0.568922305764411,False,59.49554896142434
21.6,106.2,163.20685347378213,205.3141699852657,551.7450295969238,6184.262671927342,537.1771544843222,0.9699248120300752,0.22305764411027568,0.8320802005012531,0.6115288220551378,False,59.34718100890208
20.1,104.7,179.76220830045037,197.95303278499358,655.8083941184724,2615.193444290565,635.7039745301737,0.9899749373433584,0.2506265664160401,0.7518796992481203,0.5588972431077694,False,59.25816023738872
17.4,104.7,182.06432513100833,223.64842021891207,429.07142840211003,2241.1029749420118,415.415864224694,0.9724310776942355,0.12280701754385964,0.706766917293233,0.21553884711779447,False,59.19881305637982
21.0,109.5,183.30568760733192,214.8767756228505,414.6999032286474,9108.76359582441,408.0095454093851,0.9699248120300752,0.16290726817042606,0.8045112781954887,0.40100250626566414,False,59.02077151335311
21.0,106.2,166.27620150806146,241.92370163988244,548.0146616903772,5381.802547120892,531.589614202166,0.9624060150375939,0.18546365914786966,0.8446115288220551,0.6591478696741855,False,58.635014836795264
20.1,105.0,164.24590843975147,215.99649975490937,656.0259039045675,2740.6641895673615,646.4540385086173,0.9824561403508771,0.21804511278195488,0.7794486215538847,0.606516290726817,False,58.21958456973294
22.2,106.2,180.7610305969177,168.19499750852813,560.4891191547948,8528.076557857808,540.1500723356666,0.9699248120300752,0.2656641604010025,0.8195488721804511,0.5137844611528822,False,58.160237388724035
20.4,105.6,182.4614002827448,236.55292100184417,578.0531637297693,3990.695347310056,567.5609642563086,0.9523809523809523,0.18546365914786966,0.8446115288220551,0.656641604010025,False,58.05637982195846
20.1,104.4,199.07619141619656,182.69006718672267,677.4468746347525,2698.7724504358307,653.3984968812922,0.9874686716791979,0.2656641604010025,0.7368421052631579,0.5012531328320802,False,57.9673590504451
18.0,106.2,101.98108042400897,251.5723540522008,513.8617003975595,2140.1814012399627,500.4937547620418,0.9699248120300752,0.15789473684210525,0.7142857142857143,0.5288220551378446,False,57.87833827893175
20.4,105.9,184.0945639410843,253.49861450342033,544.1239805508206,4698.787153538107,538.0042480234808,0.9448621553884712,0.17042606516290726,0.8521303258145363,0.6716791979949874,False,57.7299703264095
20.4,108.6,96.06235538718643,231.60287199858564,497.3806546243108,9726.148954189448,487.1009030350425,0.9699248120300752,0.14536340852130325,0.8370927318295739,0.6040100250626567,False,57.50741839762612
20.1,105.3,153.68196675527813,239.12910284532143,633.3534956619843,2878.6057333593258,618.1004679236752,0.9598997493734336,0.20300751879699247,0.8120300751879699,0.6491228070175439,False,57.403560830860535
20.7,108.9,136.45603683239392,233.0286985024791,451.4860401213832,10560.440970721782,442.7551511421601,0.9674185463659147,0.14285714285714285,0.8220551378446115,0.5488721804511278,False,57.181008902077146
18.9,108.3,149.7148432366586,161.57683729165174,562.960439361915,3536.1175214885707,520.1528319844581,0.9448621553884712,0.21303258145363407,0.8145363408521303,0.5538847117794486,False,56.869436201780424
17.7,105.3,123.82099834339408,239.15177604957339,456.7827746977876,2331.17000760326,449.1116824070751,0.9724310776942355,0.11779448621553884,0.7117794486215538,0.3684210526315789,False,56.79525222551929
22.5,105.9,223.6547140832733,148.0306503757892,539.6501985664028,7868.362594896336,529.6922090216054,0.9674185463659147,0.2982456140350877,0.8095238095238095,0.44360902255639095,False,56.70623145400593
19.2,108.3,119.91160710505854,177.03057869671392,563.3108032755816,4697.871654059268,529.3406841785995,0.949874686716792,0.19799498746867167,0.8345864661654135,0.581453634085213,False,56.32047477744807
20.1,105.6,149.12661440724273,256.4802512214861,609.685716766759,3402.5495458944647,588.9268906122254,0.9423558897243107,0.17042606516290726,0.8421052631578947,0.6691729323308271,False,56.02373887240356
20.7,106.2,170.94114046624742,252.26139804435448,545.3275388031724,5502.537165407379,542.6989156800119,0.9473684210526315,0.16040100250626566,0.8521303258145363,0.6716791979949874,False,55.919881305637986
18.3,107.7,203.75720044737602,169.24935614931118,543.6931925761206,2598.448215667972,540.3479854008049,0.9548872180451128,0.19799498746867167,0.7568922305764411,0.5413533834586466,False,55.830860534124625
21.0,109.2,152.9121046354374,234.60902389669366,437.4750586215119,11000.576272968454,433.33866268795316,0.9649122807017544,0.14786967418546365,0.8120300751879699,0.45864661654135336,False,55.59347181008902
21.3,109.5,179.6308660707939,224.8503252987545,421.72844363047506,10540.011852052325,416.5211859869171,0.9624060150375939,0.14786967418546365,0.8020050125313283,0.3634085213032581,False,55.2967359050445
17.7,105.0,136.88906945703582,230.98482336126858,476.5774748234134,2331.17000760326,460.3735021045768,0.9699248120300752,0.12030075187969924,0.7117794486215538,0.3208020050125313,False,55.19287833827894
20.1,105.9,151.12419819916843,266.98080691318637,576.4399582371165,4442.134357403805,562.5859225304072,0.9398496240601504,0.15037593984962405,0.8521303258145363,0.6716791979949874,False,55.19287833827893
22.8,105.6,267.31131923274444,135.69580519000777,542.9912585756952,7384.328780956336,523.6294594238653,0.9674185463659147,0.3157894736842105,0.7919799498746867,0.3558897243107769,False,55.163204747774486
19.8,105.0,134.75060656244847,234.02879111169773,714.7389183382529,2703.030761813834,686.9310307515875,0.974937343358396,0.21052631578947367,0.7694235588972431,0.6090225563909775,False,54.79228486646884
20.4,106.2,161.77538133849373,259.3181951745038,555.4341466218241,5303.165918746289,550.51003840647,0.9373433583959899,0.14536340852130325,0.8546365914786967,0.6716791979949874,False,54.347181008902076
17.4,104.4,201.45057366062503,222.06798303140505,448.58654973758735,2463.937280290187,443.49784705482284,0.9674185463659147,0.12781954887218044,0.7017543859649122,0.17042606516290726,False,54.16913946587538
18.9,108.0,140.0349522920073,179.10613745044304,590.316782563364,3485.254910528377,574.5665888450022,0.9373433583959899,0.18546365914786966,0.8195488721804511,0.5939849624060151,False,54.13946587537092
21.6,106.5,132.29547802294073,237.39122826648523,582.356121848937,8594.504976815295,575.1014309568252,0.9674185463659147,0.19548872180451127,0.8320802005012531,0.6265664160401002,False,53.91691394658753
21.3,106.5,131.179925507479,253.8164133174986,599.4271291129468,6726.208457956843,587.4473103769254,0.9674185463659147,0.17543859649122806,0.8395989974937343,0.656641604010025,False,53.90207715133531
21.6,109.5,179.0508798335143,225.9750993887465,428.04772472774226,11660.260840977624,412.4808946635407,0.9624060150375939,0.14536340852130325,0.7994987468671679,0.3208020050125313,False,53.857566765578625
21.9,106.5,139.38282090004427,203.5026203273004,595.3671516940451,10750.643799346342,576.3069941296338,0.9699248120300752,0.22055137844611528,0.8245614035087719,0.5889724310776943,False,53.367952522255194
22.5,106.2,197.56323977258455,157.5815462899346,607.5987722834558,10089.023280994095,576.5035652524359,0.9674185463659147,0.2731829573934837,0.8145363408521303,0.45363408521303256,False,53.18991097922849
21.0,108.9,122.87690489518312,250.41399886185624,474.4192567854179,13849.903465301799,468.2338319729262,0.9624060150375939,0.13533834586466165,0.8195488721804511,0.5363408521303258,False,53.04154302670623
18.6,108.0,172.81764079590067,164.22046666501024,595.938317214105,2736.157600192285,578.6162215027847,0.9473684210526315,0.20802005012531327,0.7819548872180451,0.5513784461152882,False,52.93768545994065
22.8,105.9,242.03225456068924,141.57911650528035,556.4199111236125,9254.592724893711,541.7437704313327,0.9649122807017544,0.3082706766917293,0.8020050125313283,0.37593984962406013,False,52.90801186943621
19.5,108.3,92.56656524655648,193.71733836308292,578.1433764487653,6101.768128997222,574.1273491830409,0.9473684210526315,0.17794486215538846,0.8395989974937343,0.6115288220551378,False,52.46290801186944
21.3,109.2,148.55678729388734,236.08598234746805,442.67633410325976,12177.66185027037,432.246454090446,0.9624060150375939,0.14285714285714285,0.8045112781954887,0.42857142857142855,False,52.29970326409495
20.7,106.5,142.35728744016185,261.09536469633014,594.35783655144,6076.849232133312,581.8268425675413,0.9373433583959899,0.14035087719298245,0.8546365914786967,0.6716791979949874,False,51.70623145400594
18.0,105.9,88.25248338343116,268.84732675920617,539.0959373907635,2585.1433254838116,520.9988404927958,0.9699248120300752,0.14285714285714285,0.7142857142857143,0.5112781954887218,False,51.67655786350149
19.8,105.6,115.80549729928404,278.31123311506065,649.9599955082707,3551.7113891540344,633.9774760827836,0.9423558897243107,0.15288220551378445,0.8320802005012531,0.6716791979949874,False,51.49851632047478
20.7,108.6,110.72318468039968,257.3882377935918,515.2059694190873,14294.935706646987,502.9682480367472,0.9624060150375939,0.12531328320802004,0.8370927318295739,0.6040100250626567,False,51.17210682492581
21.0,106.5,136.05617516836537,258.7074706563884,607.9875714501956,6141.685388141677,604.4754724511395,0.9448621553884712,0.16040100250626566,0.849624060150376,0.6691729323308271,False,50.97922848664689
18.9,107.7,137.0479148291949,205.3839410611756,640.2977545276935,3533.7806165784787,622.7300217095044,0.9398496240601504,0.15789473684210525,0.8245614035087719,0.6165413533834586,False,50.84569732937685
19.8,105.3,121.6260130207187,263.003533316752,691.3243489271149,2865.6569343948963,681.7219109080385,0.9598997493734336,0.18546365914786966,0.7969924812030075,0.656641604010025,False,50.59347181008902
21.9,109.5,184.2672824316226,221.92898285859766,435.4278454763267,12636.631893019117,419.5951513501442,0.9573934837092731,0.13784461152882205,0.7994987468671679,0.2706766917293233,False,50.07418397626113
20.1,106.2,159.20676436378017,267.84941679319945,598.2375338305891,5514.0660312042255,579.7501989122943,0.9348370927318296,0.12781954887218044,0.8546365914786967,0.6716791979949874,False,50.0593471810089
22.2,106.5,153.55231384049623,186.39794779322747,635.2676380064997,11877.730119661615,620.0176102802541,0.9649122807017544,0.23558897243107768,0.8170426065162907,0.5288220551378446,False,49.955489614243334
19.8,108.3,70.59646406327906,216.8237241470152,614.3305396154472,7150.07013453636,596.2536215640893,0.949874686716792,0.15288220551378445,0.8446115288220551,0.631578947368421,False,49.89614243323442
17.7,104.7,155.41326555177866,232.0214742887348,504.20437051512386,2523.1770733379003,485.1329118051994,0.9674185463659147,0.12030075187969924,0.706766917293233,0.2706766917293233,False,49.83679525222552
22.8,106.2,218.20406770637794,150.32256948373845,628.106026871667,11107.80612894873,606.4033066393905,0.9649122807017544,0.2832080200501253,0.8095238095238095,0.38596491228070173,False,49.49554896142433
18.3,107.4,190.5387004726215,186.5464840146364,624.8911964377575,2478.591134483059,607.6563161265652,0.9423558897243107,0.18546365914786966,0.7518796992481203,0.5664160401002506,False,49.43620178041543
19.8,105.9,118.3714855207179,282.96292031527315,623.9721172591751,4386.492940257172,610.116845910526,0.9323308270676691,0.13032581453634084,0.8471177944862155,0.6716791979949874,False,49.33234421364985
18.0,105.6,84.74150229774818,264.9522305230348,546.2737611147332,2429.075361228608,535.3212901894582,0.9699248120300752,0.11528822055137844,0.7142857142857143,0.47619047619047616,False,49.317507418397625
21.6,109.2,148.1178873951165,235.52089907827738,452.506019778182,13353.89427456214,439.02451223681857,0.9598997493734336,0.13283208020050125,0.8020050125313283,0.37844611528822053,False,49.22848664688427
22.2,109.5,195.12725068967163,218.76959282791714,466.4299099710976,13473.866341213914,451.3563507596362,0.9573934837092731,0.14285714285714285,0.7994987468671679,0.22556390977443608,False,48.709198813056375
18.0,105.3,92.61752849859143,254.22508862953518,546.8807238161972,2225.9523404332767,536.2551401559012,0.9649122807017544,0.11528822055137844,0.7117794486215538,0.43358395989974935,False,48.29376854599406
19.8,104.7,153.3147739871012,218.69603274428823,730.3005018324044,2752.8376600856177,708.0753652713115,0.9573934837092731,0.22807017543859648,0.7418546365914787,0.5614035087719298,False,48.02670623145401
20.4,106.5,131.14310948422414,265.81764835761635,600.9744582143682,6403.526553851674,588.1256628392167,0.9348370927318296,0.12280701754385964,0.8546365914786967,0.6716791979949874,False,47.92284866468842
18.6,107.7,170.4017980475565,184.152438107402,675.7600641460908,2972.2921920465146,648.450095201609,0.9473684210526315,0.17543859649122806,0.7819548872180451,0.5864661654135338,False,47.55192878338279
20.1,108.3,60.20522179120501,245.9943644867143,643.8103564892594,8147.187574645075,642.5228029325156,0.9548872180451128,0.13533834586466165,0.8471177944862155,0.6466165413533834,False,46.98813056379822
21.3,108.9,117.4842442228376,254.84975872562785,491.77120011454804,14548.802267930538,470.1914540112583,0.9598997493734336,0.12781954887218044,0.8095238095238095,0.49874686716791977,False,46.92878338278932
21.9,109.2,154.4511641988961,233.0286985024791,489.62644971715395,13737.054691830997,464.18495316231497,0.9573934837092731,0.14035087719298245,0.8020050125313283,0.3258145363408521,False,46.928783382789305
19.8,104.4,175.6016882528845,197.7512584464305,754.2116415302047,2887.407471617669,738.8071318976257,0.9598997493734336,0.24060150375939848,0.7293233082706767,0.49874686716791977,False,46.72106824925817
19.2,108.0,107.60671856441608,198.5666753600042,682.0930203641223,5021.5917998971845,653.5288605433323,0.924812030075188,0.17293233082706766,0.8370927318295739,0.6190476190476191,False,46.49851632047478
21.6,106.8,101.45513654804579,264.96916488804413,682.8751915408433,13211.648629534046,654.6581692869012,0.9624060150375939,0.17543859649122806,0.8320802005012531,0.6390977443609023,False,46.39465875370921
21.3,106.8,100.10890797525941,277.7532394110844,683.0806219570803,9633.96950866347,668.5099125683829,0.9573934837092731,0.15538847117794485,0.8395989974937343,0.6641604010025063,False,46.02373887240356
21.0,106.8,106.3498622378025,281.0008850034524,665.6952983920037,7938.633271440257,651.3898320136676,0.9373433583959899,0.13784461152882205,0.8546365914786967,0.6716791979949874,False,45.934718100890215
20.1,106.5,127.89337995783922,273.29760059349366,604.3458328198232,7809.442933841595,586.8137748935658,0.9323308270676691,0.10275689223057644,0.8546365914786967,0.6716791979949874,False,45.60830860534125
17.7,104.4,177.6953078100534,228.56748147929562,530.5535714896264,3028.792931475684,500.9283897317273,0.9624060150375939,0.12781954887218044,0.7042606516290727,0.22305764411027568,False,45.445103857566764
22.5,109.5,210.7601843479599,214.9957180611402,507.9342044570137,14518.46744081596,491.55294723023735,0.9573934837092731,0.14285714285714285,0.7994987468671679,0.17794486215538846,False,45.34124629080119
18.3,106.8,130.7113474921023,238.03337133416935,706.7644702611876,2353.417686666316,674.2343107431036,0.9423558897243107,0.16040100250626566,0.7368421052631579,0.5939849624060151,False,45.118694362017806
20.7,106.8,115.17379139531205,282.60109889493896,648.6027370572602,8057.929385929641,627.3401130375878,0.9348370927318296,0.11278195488721804,0.8546365914786967,0.6716791979949874,False,44.95548961424333
18.3,107.1,160.29617589377162,214.78053480718629,682.4314817394968,2598.448215667972,671.069649261795,0.9323308270676691,0.17794486215538846,0.7468671679197995,0.5864661654135338,False,44.940652818991104
19.8,106.2,128.8237997653781,280.26032825276474,639.7460000504786,6459.56810410736,623.1747778049061,0.9323308270676691,0.11278195488721804,0.8546365914786967,0.6716791979949874,False,44.79228486646884
22.5,106.5,173.0731650588629,171.03365575130053,683.0409025251008,13749.947615179271,643.7074812115688,0.9573934837092731,0.2506265664160401,0.8120300751879699,0.47117794486215536,False,44.718100890207715
18.9,107.4,141.17919855647912,232.43795526357192,723.5759682949918,3930.904327052131,691.5126309549389,0.9298245614035088,0.14536340852130325,0.8220551378446115,0.6390977443609023,False,44.65875370919882
21.0,108.6,93.54608888655287,270.52047681759956,563.2222210842737,16495.9592217798,538.2691243880289,0.9598997493734336,0.12030075187969924,0.8295739348370927,0.5889724310776943,False,44.51038575667656
22.8,106.5,196.3557813645618,163.39842723934655,715.75905498802,14364.691134654462,664.3814901415142,0.9548872180451128,0.2606516290726817,0.8120300751879699,0.39598997493734334,False,44.109792284866465
21.9,106.8,110.60564327769686,229.83349066284487,681.9663788181949,15805.10315103583,659.8013457584589,0.9573934837092731,0.19298245614035087,0.8220551378446115,0.5964912280701754,False,43.90207715133531
18.0,105.0,109.44930395349914,244.43974470123888,587.455421656518,2706.0353282977244,564.9278103260898,0.9624060150375939,0.11278195488721804,0.7117794486215538,0.38095238095238093,False,43.32344213649852
21.6,108.9,117.23488346449427,248.1788790890015,532.2104989103269,16045.45814940142,498.8597892930622,0.9573934837092731,0.13032581453634084,0.8070175438596491,0.44862155388471175,False,43.323442136498514
19.5,105.3,90.5162046726788,285.585750476994,808.3152288492973,2722.67529058147,785.5831961551454,0.949874686716792,0.16040100250626566,0.7769423558897243,0.6616541353383458,False,42.71513353115728
19.5,105.6,82.51460981975089,306.3582207774853,764.773596790055,3584.178502260886,761.9576054216672,0.9398496240601504,0.13283208020050125,0.8145363408521303,0.6716791979949874,False,42.640949554896146
18.3,106.5,102.35622743068895,266.8344185015999,716.5985115170116,2429.5582536788534,688.6545519438625,0.9398496240601504,0.14786967418546365,0.7293233082706767,0.6040100250626567,False,42.596439169139465
19.5,105.0,107.53709931892033,255.14439909986112,820.6079036456125,2472.5205877320545,779.2770733730869,0.9373433583959899,0.18546365914786966,0.7543859649122807,0.6090225563909775,False,42.566765578635014
22.2,109.2,167.321844317071,227.34753760858618,539.8498590409556,14667.767566303131,508.30512775603984,0.9573934837092731,0.13784461152882205,0.8020050125313283,0.2781954887218045,False,42.34421364985163
19.5,105.9,86.08521582014589,301.1252948550501,724.8179142173061,4058.0231036353607,704.6453408692884,0.9298245614035088,0.11528822055137844,0.8320802005012531,0.6716791979949874,False,42.255192878338285
19.8,106.5,133.19234852402602,282.40142560604437,658.9600777309396,8327.192430945079,641.3857009439786,0.9348370927318296,0.08270676691729323,0.8546365914786967,0.6716791979949874,False,42.16617210682493
20.4,108.3,67.01487133838258,277.2165327268809,679.4310561492806,14628.554931007317,670.0289170106802,0.9523809523809523,0.12030075187969924,0.849624060150376,0.656641604010025,False,42.06231454005935
19.2,107.7,103.69701672533321,225.3779333307126,718.1356258417633,5802.207928751984,697.7512061315498,0.9197994987468672,0.14035087719298245,0.8421052631578947,0.6441102756892231,False,42.017804154302674
20.4,106.8,100.91706437605309,278.49613286298677,640.0652371037506,9708.064166700493,634.3985136328977,0.9323308270676691,0.09774436090225563,0.8546365914786967,0.6716791979949874,False,42.017804154302674
20.1,106.8,96.58632180096542,281.72281059430406,645.8754367534783,9573.379015175866,625.5703174313768,0.9298245614035088,0.08270676691729323,0.8546365914786967,0.6716791979949874,False,41.439169139465875
19.2,107.1,122.56086371216335,285.38252219319537,727.9176367945507,6682.806172666861,709.0428944290957,0.9348370927318296,0.11528822055137844,0.849624060150376,0.6666666666666666,False,41.083086053412465
22.8,109.5,230.19571102058617,208.13013754678218,553.0691742094124,16020.32133553936,525.3357227390734,0.9573934837092731,0.14285714285714285,0.7969924812030075,0.13283208020050125,False,40.90504451038576
18.0,104.7,131.8504592024948,243.8628782887577,604.556874764464,3055.4144876236705,587.7405822500497,0.9624060150375939,0.12030075187969924,0.7092731829573935,0.3283208020050125,False,40.66765578635014
19.5,104.7,130.08375829422476,232.72525741738716,808.2180666842796,2699.049484163617,790.0486481246627,0.9298245614035088,0.21052631578947367,0.731829573934837,0.556390977443609,False,40.60830860534125
19.2,107.4,109.08891912832466,254.75679031523248,745.5759602012915,6485.66252408819,721.615069537495,0.9298245614035088,0.13283208020050125,0.8446115288220551,0.6591478696741855,False,40.54896142433235
21.3,108.6,86.41506670294594,276.84504296740744,590.6666797994991,18066.66082370915,583.9298493731003,0.9573934837092731,0.12030075187969924,0.8145363408521303,0.5639097744360902,False,40.45994065281899
22.2,106.8,128.060410948271,205.725990051291,729.5474503890996,16994.763649080603,702.747798252095,0.949874686716792,0.20802005012531327,0.8145363408521303,0.5388471177944862,False,40.445103857566764
18.3,106.2,76.6087795227985,292.700125731915,737.9723354803317,2331.388818746733,723.9138118643524,0.9473684210526315,0.13533834586466165,0.7192982456140351,0.5989974937343359,False,40.40059347181008
19.5,106.2,99.99596083348371,294.36147243414257,707.0848056316934,5917.626027056225,683.8286875291707,0.9323308270676691,0.08771929824561403,0.8471177944862155,0.6716791979949874,False,39.98516320474778
22.5,109.2,185.3731936930172,215.89476271353095,573.0579883290874,16531.1753111639,547.2668637455395,0.9573934837092731,0.13784461152882205,0.8020050125313283,0.22055137844611528,False,39.95548961424333
21.9,108.9,125.20905596268688,239.91648682193448,577.707495539911,15774.274639536065,545.8837437279346,0.9573934837092731,0.13032581453634084,0.8070175438596491,0.38847117794486213,False,39.51038575667656
18.0,104.4,157.46165316243548,237.37266776631955,629.2036641989953,3336.1750086184984,603.6702916075442,0.9598997493734336,0.14285714285714285,0.7042606516290727,0.2756892230576441,False,39.45103857566765
18.6,107.4,173.7478092523286,208.3203507674064,825.4397939653073,3031.387022909697,805.0511425042552,0.9298245614035088,0.16791979949874686,0.7794486215538847,0.606516290726817,False,39.37685459940653
19.5,104.4,155.77495580969622,219.87778731584453,840.8670048499087,2704.4633096778807,811.8213892141904,0.9223057644110275,0.23057644110275688,0.7218045112781954,0.49122807017543857,False,39.37685459940653
18.9,107.1,151.8489044540374,261.32298052623304,793.8921358410863,4724.922348305276,756.8217279387168,0.9323308270676691,0.13283208020050125,0.8220551378446115,0.6541353383458647,False,38.96142433234422
20.1,107.1,65.29486487318728,291.5045611838727,729.0719917718692,11551.369275885794,710.0609953042782,0.9348370927318296,0.08270676691729323,0.8546365914786967,0.6716791979949874,False,38.44213649851632
19.8,106.8,103.43593793301925,285.06331941483603,738.4683354516773,10640.40648349993,710.1890943245191,0.9323308270676691,0.08270676691729323,0.8546365914786967,0.6716791979949874,False,38.23442136498517
22.8,106.8,177.22127602492898,177.44343361751552,782.3714398731532,17026.232609469804,744.728418770138,0.9398496240601504,0.23558897243107768,0.8120300751879699,0.39849624060150374,False,37.804154302670625
19.5,108.0,75.9880978955831,222.6763130568307,836.0240711506799,8356.747493857434,775.7274869888969,0.9147869674185464,0.15037593984962405,0.8446115288220551,0.6441102756892231,False,37.744807121661715
22.2,108.9,140.84009123750988,229.9761538036092,630.9907605938815,17108.631601525423,593.5219030861205,0.9573934837092731,0.13283208020050125,0.8070175438596491,0.3308270676691729,False,37.41839762611276
22.5,106.8,150.96597731434358,186.0844191031663,779.7407254807067,17297.81413834106,727.1944532710957,0.9448621553884712,0.22807017543859648,0.8120300751879699,0.46867167919799496,False,37.3293768545994
19.2,106.8,129.55780357047914,303.4967430971746,790.6892829931586,6035.65462556636,781.2581629740375,0.9298245614035088,0.09774436090225563,0.8471177944862155,0.6716791979949874,False,37.166172106824924
20.4,107.1,71.61363860747335,292.43215607625234,735.7641044638037,13151.72808230933,728.8382619455559,0.9298245614035088,0.08270676691729323,0.8546365914786967,0.6716791979949874,False,37.032640949554896
20.7,108.3,87.07946650267071,310.4313114713646,729.4127165490506,20712.492993588625,712.427142085741,0.949874686716792,0.10776942355889724,0.8471177944862155,0.6591478696741855,False,36.49851632047477
22.8,109.2,207.25594360656174,210.98359283993602,625.100898499323,19810.86022183733,585.7402457950886,0.9573934837092731,0.13784461152882205,0.8020050125313283,0.17293233082706766,False,36.20178041543027
21.6,107.1,70.77893297828201,298.66664826309756,798.123622780668,17648.040427198634,751.0743557584193,0.9423558897243107,0.15288220551378445,0.8320802005012531,0.6466165413533834,False,36.18694362017805
19.2,106.5,101.0530470180145,307.1243785535392,785.9090613713355,5373.2650000276835,758.724458172158,0.9197994987468672,0.08771929824561403,0.8421052631578947,0.6716791979949874,False,36.1572700296736
18.3,105.6,51.53122197572559,300.93356913583324,745.7664097279044,2450.1373146222095,729.4715822398075,0.9523809523809523,0.10526315789473684,0.7142857142857143,0.556390977443609,False,36.03857566765579
19.5,106.8,119.5595289849925,297.711744243573,783.2675714333575,11169.083098884576,759.5974571710127,0.9223057644110275,0.08270676691729323,0.8546365914786967,0.6716791979949874,False,35.83086053412463
21.0,107.1,77.74851836253725,308.59751797665695,794.6272210238037,14464.943713160921,780.6609919572135,0.9348370927318296,0.11027568922305764,0.8546365914786967,0.6716791979949874,False,35.6379821958457
19.5,106.5,120.72380300576609,295.5285026237636,752.6107139073885,8951.418126858862,707.6446904731268,0.9223057644110275,0.08270676691729323,0.8521303258145363,0.6716791979949874,False,35.60830860534125
19.5,107.1,95.96741853533284,296.9527734926982,787.8731276266981,14184.69759431603,775.7696722380982,0.9348370927318296,0.09022556390977443,0.8546365914786967,0.6716791979949874,False,35.60830860534125
20.7,107.1,90.65931653422454,293.2939188837901,758.5446284264962,14046.559528218217,722.2879294760876,0.9298245614035088,0.09022556390977443,0.8546365914786967,0.6716791979949874,False,35.326409495548965
18.6,107.1,152.82133207761788,235.4041490981109,920.8202437005532,3171.2818725077486,905.2858754731811,0.9147869674185464,0.15037593984962405,0.7744360902255639,0.6240601503759399,False,35.14836795252225
18.9,106.8,121.07841775807339,297.1016983301117,884.951846504016,4566.737048392729,844.8139592681621,0.9273182957393483,0.12030075187969924,0.8120300751879699,0.6616541353383458,False,34.732937685459945
18.3,105.9,57.112105036568046,310.8141816799084,747.3430591113492,2763.1389896435344,724.8557809049399,0.9548872180451128,0.11027568922305764,0.7142857142857143,0.5839598997493735,False,34.658753709198805
21.6,108.6,86.45562949969258,265.3998980496931,661.5554100731755,19094.03137016883,646.2719245646157,0.9573934837092731,0.12280701754385964,0.8095238095238095,0.506265664160401,False,34.52522255192878
19.2,105.9,55.09165705772017,324.5156184320701,903.0269516343724,3550.898318840791,885.6146936669944,0.9197994987468672,0.09273182957393483,0.8120300751879699,0.6716791979949874,False,34.39169139465875
21.0,108.3,65.8676353977875,315.9733014634699,783.206150808348,23209.978081090016,763.799412169795,0.949874686716792,0.11027568922305764,0.8421052631578947,0.656641604010025,False,34.10979228486647
19.2,106.2,75.02223637707094,315.6566120186063,802.2405448499107,5096.950003876771,784.5874024078104,0.924812030075188,0.08270676691729323,0.8295739348370927,0.6716791979949874,False,33.70919881305638
18.3,105.3,63.639057729549506,274.03410159005097,764.4211887408205,2755.2266056298313,738.4799014114682,0.9548872180451128,0.10025062656641603,0.7142857142857143,0.5087719298245614,False,33.63501483679525
22.5,108.9,161.9255653222175,217.9236383978893,682.2999848751991,21620.884627041272,651.1689408681295,0.9548872180451128,0.13032581453634084,0.8070175438596491,0.2731829573934837,False,33.47181008902077
19.8,108.0,46.84808735745957,252.41255332581503,898.818357138251,15517.185791736461,883.3569792837072,0.9122807017543859,0.13032581453634084,0.849624060150376,0.6591478696741855,False,33.26409495548962
19.5,107.7,70.35334913109034,253.01297237833734,925.9312425469982,8332.937583428886,915.2032903646817,0.9072681704260651,0.12030075187969924,0.8471177944862155,0.6591478696741855,False,33.21958456973294
19.2,105.3,61.798347085991175,320.0459179818621,972.7051231868103,2783.9594049968846,952.1303775687162,0.9022556390977443,0.14285714285714285,0.7518796992481203,0.656641604010025,False,33.189910979228486
19.2,105.0,84.83055892694347,270.9570234916468,985.5801365469156,2891.731420077074,955.0906899738429,0.899749373433584,0.17042606516290726,0.731829573934837,0.5989974937343359,False,33.115727002967354
19.8,107.1,74.99220031265153,293.56397033144265,809.6464144286119,15517.763984115129,798.0779432590591,0.924812030075188,0.08270676691729323,0.8546365914786967,0.6716791979949874,False,33.05637982195846
19.5,107.4,78.06907029196981,280.81666639814193,879.4603126768488,11744.153388977777,812.8902607704921,0.9197994987468672,0.10776942355889724,0.8521303258145363,0.6691729323308271,False,33.041543026706236
21.3,107.1,69.04357515991033,305.5136766411703,861.137614108214,16734.124475621058,798.9215831526597,0.9323308270676691,0.12781954887218044,0.8446115288220551,0.6716791979949874,False,32.9080118694362
21.9,107.1,83.43323230587873,252.9103019942019,851.7474848695584,16713.613290905876,799.4569483777688,0.924812030075188,0.16791979949874686,0.8195488721804511,0.606516290726817,False,32.75964391691395
22.8,107.1,161.76651821805856,184.86044415933912,909.3464396686724,16925.35316411807,859.4999082831938,0.9147869674185464,0.21303258145363407,0.8120300751879699,0.39598997493734334,False,32.52225519287834
22.2,107.1,105.53693539575079,220.83728327138286,887.5294292240026,14660.539715316247,853.069778968353,0.9223057644110275,0.18796992481203006,0.8120300751879699,0.5363408521303258,False,32.388724035608305
19.2,104.7,112.08721734814925,250.88493357175415,979.8838440298917,3518.671770987282,941.0206173767737,0.9022556390977443,0.19548872180451127,0.7218045112781954,0.5388471177944862,False,32.047477744807125
18.3,104.7,113.31901846189062,253.74649375110332,788.035002101714,3752.278797657518,766.6440070280307,0.9473684210526315,0.14035087719298245,0.7092731829573935,0.39097744360902253,False,31.379821958456976
22.5,107.1,132.44047262470147,199.86909197934935,912.8672533779305,15414.797090387254,865.6411808515668,0.9172932330827067,0.20300751879699247,0.8120300751879699,0.47117794486215536,False,31.290801186943618
21.9,108.6,97.0613142907105,247.31003076043248,712.8697877172943,20676.58587980107,686.7683444210357,0.9523809523809523,0.11779448621553884,0.8095238095238095,0.44611528822055135,False,31.20178041543027
18.6,106.8,121.4909895669222,271.4453997851052,1033.5781593227955,3389.503790525089,987.4780408985131,0.8972431077694235,0.14285714285714285,0.7669172932330827,0.6365914786967418,False,30.949554896142434
18.3,104.4,142.26026517083602,240.40339686711397,804.7092905631828,3883.6070787540425,779.1626637658778,0.9448621553884712,0.15538847117794485,0.7042606516290727,0.3308270676691729,False,30.890207715133535
22.8,108.9,186.6257750012682,211.03896058082412,708.2040563996596,25891.285201859835,678.8448937459772,0.9523809523809523,0.12280701754385964,0.8045112781954887,0.21553884711779447,False,30.68249258160238
19.2,105.6,49.31521075212339,327.85871801306416,1000.3485854214944,3478.1312315159544,956.6486176888748,0.899749373433584,0.12280701754385964,0.7819548872180451,0.6716791979949874,False,30.17804154302671
20.1,108.0,28.997632360687195,283.1457685991106,978.0105684976886,16596.8072200827,972.0999651404716,0.9022556390977443,0.11027568922305764,0.8521303258145363,0.6666666666666666,False,29.762611275964396
22.2,108.6,116.58760690329352,235.29698816045953,757.9166540209485,24543.8569488482,736.277950956024,0.9473684210526315,0.12280701754385964,0.8095238095238095,0.38345864661654133,False,29.3026706231454
19.2,104.4,141.14170833005738,232.397241826037,1031.8776029617195,3561.3647914399057,976.906669252196,0.8972431077694235,0.21553884711779447,0.7117794486215538,0.46867167919799496,False,29.154302670623146
18.3,105.0,86.28544009036781,265.46717507819545,788.8000797572723,3701.345705772297,773.8339074601695,0.949874686716792,0.10776942355889724,0.7117794486215538,0.45112781954887216,False,29.139465875370917
20.1,107.4,34.062274209361995,307.9479684057517,956.9638341116847,17594.07605949907,953.4661140603752,0.9072681704260651,0.08270676691729323,0.8546365914786967,0.6716791979949874,False,29.08011869436202
21.3,108.3,55.35512921716537,310.29295692140096,840.3968445385885,24284.735453276397,802.5495968963975,0.9323308270676691,0.11027568922305764,0.8245614035087719,0.631578947368421,False,27.89317507418398
20.4,107.4,45.070054955904226,311.5624366855494,994.6545705019043,20621.24774113551,947.2667383467003,0.9047619047619048,0.08270676691729323,0.8546365914786967,0.6716791979949874,False,27.70029673590505
19.8,107.4,50.147068560868654,297.8874187019785,993.7531387371029,28008.338691477486,950.6871217631937,0.9022556390977443,0.08771929824561403,0.8546365914786967,0.6716791979949874,False,27.477744807121663
22.5,108.6,141.38560719351534,219.94238563591105,785.7263753640692,28642.25964200603,757.2746190845668,0.9423558897243107,0.11779448621553884,0.8095238095238095,0.3182957393483709,False,27.2106824925816
22.8,108.6,169.152470385545,214.05165702989703,814.1738822991255,30318.09365379469,799.3181053381794,0.9348370927318296,0.13283208020050125,0.8095238095238095,0.2556390977443609,False,26.646884272997035
18.9,106.5,89.8589950435223,320.0401355520503,1018.1642580176904,4736.238335786653,978.5366241562187,0.8922305764411027,0.10025062656641603,0.8070175438596491,0.6691729323308271,False,26.454005934718104
18.6,106.5,90.34931461285494,304.1343857727406,1117.2506802256255,3920.040555093536,1075.675152428075,0.8822055137844611,0.12781954887218044,0.7543859649122807,0.6441102756892231,False,25.87537091988131
22.8,107.4,151.1247514715614,194.17727133738362,1103.6910361322796,25760.702889039883,1080.38293503813,0.8847117794486216,0.19298245614035087,0.8120300751879699,0.38345864661654133,False,25.712166172106826
22.2,107.4,88.28397758393379,235.2173132136334,1105.6244605114323,19531.33234135069,1091.039548860818,0.8847117794486216,0.17042606516290726,0.8120300751879699,0.5263157894736842,False,25.489614243323437
21.6,107.4,40.640508147323025,321.73338230029816,1106.2273780621856,17056.47515593584,1053.6435279432244,0.8847117794486216,0.12280701754385964,0.8270676691729323,0.6516290726817042,False,25.222551928783382
22.5,107.4,119.17884922149686,211.8805792800261,1106.2273780621856,23363.77034024768,1080.3161858809433,0.8796992481203008,0.17794486215538846,0.8120300751879699,0.45614035087719296,False,25.222551928783382
18.6,104.4,133.8172444852356,246.06809459421774,1038.2825286059708,3925.120997599697,1010.3459615998412,0.8922305764411027,0.17293233082706766,0.7042606516290727,0.38095238095238093,False,25.089020771513347
21.9,107.4,60.083927117852504,272.5708107680882,1105.2121379420635,17316.127596722912,1088.9959214563057,0.8847117794486216,0.14285714285714285,0.8120300751879699,0.5989974937343359,False,24.92581602373887
20.4,108.0,41.382957874114645,326.1595085296075,1128.3266565073277,35030.660951128346,1090.5112037347926,0.8822055137844611,0.09774436090225563,0.8546365914786967,0.6716791979949874,False,24.718100890207715
20.7,107.4,71.60965349247184,317.4018418839984,1044.935875131155,31138.027169046156,1010.6870053717691,0.8872180451127819,0.08270676691729323,0.8546365914786967,0.6716791979949874,False,24.584569732937688
21.3,107.4,37.998122712666515,342.36670367620155,1167.451076758494,18993.858144948943,1108.976906511028,0.8696741854636592,0.10275689223057644,0.849624060150376,0.6716791979949874,False,24.584569732937688
21.9,108.3,71.31590755815438,261.3520205727555,918.4015393228185,23916.240065512462,864.6759910922315,0.924812030075188,0.11278195488721804,0.8120300751879699,0.5087719298245614,False,24.31750741839763
21.0,107.4,52.10487830139589,330.617699526866,1117.5657462133229,28625.1660504311,1055.2712308934324,0.8796992481203008,0.08270676691729323,0.8546365914786967,0.6716791979949874,False,24.13946587537092
19.8,107.7,37.036445937997016,287.9354502228052,1239.132600130846,18341.498479203416,1188.6417009338802,0.8771929824561403,0.10025062656641603,0.8521303258145363,0.6691729323308271,False,23.813056379821962
21.6,108.3,55.95181550616937,281.2654999723643,904.8136187351168,17711.966232170635,872.6070860599049,0.9223057644110275,0.10776942355889724,0.8120300751879699,0.5764411027568922,False,23.783382789317507
18.9,104.4,133.42184172563336,242.92017706567918,1143.5217120306293,4319.260888723164,1111.0067608580416,0.8872180451127819,0.19047619047619047,0.7042606516290727,0.43609022556390975,False,23.57566765578635
22.8,108.3,155.90120400004042,211.93770605287236,972.6257289616733,30114.801293892444,924.8522503371752,0.9022556390977443,0.14035087719298245,0.8120300751879699,0.2982456140350877,False,23.264094955489615
21.0,108.0,43.14827298411303,358.5545530228883,1234.0206428421925,24791.360158177995,1203.1918509726097,0.849624060150376,0.10025062656641603,0.8546365914786967,0.6716791979949874,False,23.24925816023739
22.5,108.3,125.19284543770567,224.90442303275796,957.1609375727511,31465.54974457779,917.3143679507918,0.9122807017543859,0.12531328320802004,0.8120300751879699,0.37092731829573933,False,22.98219584569733
22.8,107.7,146.34973836787415,198.03261450454755,1187.9356546689455,21915.598619526525,1143.7623291651041,0.8771929824561403,0.17293233082706766,0.8120300751879699,0.3659147869674185,False,22.789317507418396
20.7,108.0,69.3527421849903,348.15273327500813,1171.8623462586181,39320.99411986001,1156.8453824463952,0.8671679197994987,0.09523809523809523,0.8546365914786967,0.6716791979949874,False,22.774480712166174
22.8,108.0,148.0103989214241,207.59353835393605,1169.5489288145168,24112.286905498284,1145.9600411191223,0.8847117794486216,0.15538847117794485,0.8120300751879699,0.3358395989974937,False,22.492581602373885
18.6,104.7,102.58290392451143,261.60999153069577,1079.0910126034619,4219.645391969095,1025.7831586977059,0.8822055137844611,0.15288220551378445,0.706766917293233,0.44862155388471175,False,22.314540059347184
18.9,105.0,71.08947859231634,289.92408998322014,1186.4807003505944,4650.88504852977,1150.2477731729125,0.8721804511278195,0.14786967418546365,0.7167919799498746,0.5714285714285714,False,21.513353115727003
22.5,107.7,113.04909144409902,216.20354133173495,1208.1641604180943,26432.756708571334,1166.9723226369488,0.87468671679198,0.15037593984962405,0.8120300751879699,0.44110275689223055,False,21.513353115727003
22.2,108.3,96.26442559450508,240.55748813879228,934.455635117504,31228.686720027745,915.2108982504886,0.9147869674185464,0.11027568922305764,0.8120300751879699,0.43609022556390975,False,21.15727002967359
18.9,104.7,102.13079992550661,263.8030554194938,1179.0983392212622,5064.167429847357,1151.0024363040254,0.8872180451127819,0.17293233082706766,0.7092731829573935,0.5037593984962406,False,21.083086053412462
22.5,108.0,115.19540436404426,221.79539491939553,1174.2993919827097,29802.263244782534,1157.183691774566,0.8796992481203008,0.14035087719298245,0.8120300751879699,0.40852130325814534,False,20.712166172106826
21.3,108.0,24.340158547208762,356.2055869544168,1250.662158418817,21753.681999997036,1198.07192510392,0.8521303258145363,0.09523809523809523,0.8345864661654135,0.6691729323308271,False,20.07418397626113
20.4,107.7,29.877314602165136,333.3486581725987,1695.2025162995196,46660.88750950811,1616.0919747830067,0.8220551378446115,0.08270676691729323,0.8546365914786967,0.6716791979949874,False,20.044510385756677
18.6,106.2,59.69248201318521,327.606051853819,1305.4848904851785,3987.7692777954608,1273.1866636040515,0.8596491228070176,0.10776942355889724,0.7368421052631579,0.6491228070175439,False,19.74777448071217
18.9,106.2,59.01696953046875,335.89398415109736,1236.546733929374,5267.5944707140025,1195.2099577298,0.8446115288220551,0.09523809523809523,0.7894736842105263,0.6716791979949874,False,19.451038575667656
20.7,107.7,63.17835811572462,342.1132881394553,1816.018547462536,39412.64236050001,1748.0815649730916,0.8195488721804511,0.08270676691729323,0.8546365914786967,0.6716791979949874,False,19.376854599406528
21.0,107.7,36.339562467350945,356.22842662710224,1696.5737791702752,47387.08643474568,1684.8156764270557,0.8195488721804511,0.08270676691729323,0.8546365914786967,0.6716791979949874,False,19.094955489614243
18.6,105.0,71.67076424732056,280.40962019843664,1147.9475712312242,4730.393259500578,1107.4017099304501,0.8721804511278195,0.13784461152882205,0.7117794486215538,0.5087719298245614,False,18.93175074183976
22.2,108.0,82.81579785101101,243.50146039167626,1172.4036083290391,33771.61046313019,1168.844518783663,0.8796992481203008,0.12280701754385964,0.8120300751879699,0.47869674185463656,False,18.44213649851632
22.2,107.7,79.79680094015858,242.76582097317547,1276.2074947242304,30455.315093217894,1234.4711935916391,0.8696741854636592,0.13533834586466165,0.8120300751879699,0.506265664160401,False,18.38278931750742
18.9,105.3,40.871068337948365,322.3851216250533,1336.1493500726776,5358.583768243705,1326.332376967732,0.8471177944862155,0.13032581453634084,0.7243107769423559,0.6365914786967418,False,17.373887240356083
21.9,108.0,51.69626437980498,274.11491808111975,1172.6193869538179,40480.40133596081,1157.1438907184352,0.8796992481203008,0.10275689223057644,0.8120300751879699,0.5513784461152882,False,16.780415430267063
18.9,105.9,29.750419637067303,355.37552918314526,1495.362985167963,5213.230651531174,1413.2987346469645,0.8295739348370927,0.08270676691729323,0.7694235588972431,0.6716791979949874,False,16.64688427299703
18.6,105.9,30.994431059445123,346.26206220877907,1333.5824868599223,4208.288085995892,1307.8963066787792,0.8421052631578947,0.10025062656641603,0.7192982456140351,0.6491228070175439,False,16.587537091988132
21.9,107.7,46.69628477997509,276.3283740072906,1307.8526214296905,40674.01840728407,1270.1841995778238,0.8596491228070176,0.11528822055137844,0.8120300751879699,0.581453634085213,False,15.86053412462908
18.6,105.3,41.8020200764662,304.37344784776616,1253.8790327457407,4684.185849269403,1189.7478827781763,0.8571428571428571,0.10275689223057644,0.7142857142857143,0.5739348370927319,False,15.163204747774481
21.6,108.0,26.68563880427903,316.36878267216736,1269.0803789573727,30193.454579440724,1245.3921343816185,0.8596491228070176,0.09774436090225563,0.8120300751879699,0.6190476190476191,False,14.83679525222552
21.550206,107.938978,18.59395202564086,334.6926043514234,1450.8339034355508,34133.89100846955,1428.611195339729,0.8471177944862155,0.09273182957393483,0.8120300751879699,0.6340852130325815,True,14.406528189910977
